"","UNIQID","GENOME","CHROMOSOME","START","END","P0_Left","P0_Right","P0_Left_Tm","P0_Right_Tm","Chr","Amplicon_Start","Amplicon_End","Amplicon_length","PCR_efficiency","Sequence"
"1","1016_20_31215183_C_T_11194.s1","GRCh37",20,31215182,31215183,"CAGCACACCCTCCACTGAAC","GGGCAGTTGGGAGTGTGAGA","60.463","61.335",20,32626966,32627860,895,"99.9% (1 x 2)","CAGCACACCCTCCACTGAACCCTGAGCCATGGGGACCCTGAGCGCTCCCAGCCCTCCTGACACCTGCTTCCCCTTGCCACATGGGCCCTGGCAGTGGGAATGGGGCGTCTGCCGGAGCCTCTCCTGGGCTGTGCCAACCTCCCTATGCCCAGACAAAGCCCCCCTCCCCCGGCCTCCGGGGAAGGGGTGGGCCAGTGAGGGAGCTGACAAAGGGAGCCAGTGGGGCTGTGCCTGGGGCTCGTGCCACCCCACTCCCCGACCTGCCCACAGTGCCCACATCCCCCTCCTGCCACTTGGCCGGCTGGGGCGCCCGGCACCGTTGCTATGGCGGCAGCTCTGGGGAAGCTGCAGCTGGGTAATTATTGCGAACATCCATCCTGCCTCCAGCCCGCCCCAAGAGCCGGGCAGCGAGCAGCGGGGCCAGGGCAGCCCCTCCTCACCCGCCGGGCAGCCGCACCCTGGCCTGGCACGATGCCTGCCCGAGGTACAGTGGGGAGGACAGCCATGCAGGCTGCTGCAGCAGACAGGAGCCAGCCCAGGGGCTGGCCAGGAAACCCCCACTTTCGCCCTGGCCCCCCAGCCCTGGGCCACCCTTGGAGCTGACCGGCCGGCCCAGAACTTATTTTTTCCAGCTATAATACACACACCAAACCAGCCAGAGAACCTCCTTTGTTCAAACAGAATCCTTCCTCTGCCGTTTTGGGGGCAGTGGAAGCCAAAGCAGCCAGAATGGGCTCTGGCCTGTCACCTAGGGACGGTCCCCTCGATGAGGCGGTTCCCCTGGGGCCCCACTGTGGGCCCCGCCACCTCCTCAGCCTCAGAAGCTCGCCTTGGCCCTGGTGTCTAAATATAGCTCTGCCGGGCCAAGCCTGAGGTCTCACACTCCCAACTGCCC"
"2","1041_4_3307458_C_A_11257.s1","GRCh37",4,3307457,3307458,"catctcagagaccacctgtcacT","GCTGTGCATGTGACATCAAGACAA","60.941","61.899",4,3305334,3306233,900,"99.9% (1 x 2)","CATCTCAGAGACCACCTGTCACTGTGCACCTGCTGGTCCCAGAGATTCATGTCCCTCCCATGTACAAAATACACTCCCCGCAAGGTCCTTCCATGACAGCATCTGCTCAGAGTCCCGCGTCATCCTCTAAACTGGCTCTAGGTGGGCTGAGATGCAGCTCCTGGGGTGCACGGTACCCCGGTCTATTGACCTGAACTAGAGAGACACGCCGTCAGCTCATCCAACCACAGCCACGGTGCCATCATGGCAAGCACCACAGGCCAGACCTTCCTGTTCAAAATGAGGGAAAATGGAGGCAGGAAGGAGCCTCAGATGTGCCTCACTTCCGAGACCCAGCCTGGCAGATGGTGGCAGTTCAGAGGCAGGAAGGAGCCTCAGGTGGGCCTCACTTCCGAGACCCAGCCTGGCAGATGGTGGCAGTTCCTTGTTCAAGTGTCATGATTTGGGACTGATAACTGTCCCTCTGCCCTTGGAGGCTTTGATTCCTCTCTCTGACTCATGCTTTCCTTTGTTTGAAACACAGCAGCTGCTTGCAGTTGAGTTGTTTTCTCAGCCTGCTTCCTGCTGATAGGATTTCCGGGTCCAGCACCCACTTTTTATTTTGTACTGCCTCTGACCCTTGTAGTTCAAGCTGGCAGTGATAGTTCTAACTTTATGGGCCTCCTGGGAGTCTCACTGGTGTCCATTCCATCAGGCACGAGCCATACCTGGCATCCCTCTGAGATGAGCCCTGCTCTGCCTTGGGGTCCTGAAGGGTGAGGACTAATGCCCATAAGCTTCTCAGGGCCTGGCTATTCCATGAGAGGCTGTGAGGCCCACCCTTCGTCTCTTTACAGAGGCTCCAGCCATCTTGTTGGTGCTCAGCACACAGCACCATTGTCTTGATGTCACATGCACAGC"
"3","1104_6_12472961_G_A_11653.s1","GRCh37",6,12472960,12472961,"CATGACTACTGGGAAAGTTAGATTTGC","AGCAAACGAGAACTTCTGTGGATT","59.979","60.548",6,12472171,12473085,915,"99.9% (1 x 2)","CATGACTACTGGGAAAGTTAGATTTGCTCTTAGTTTTCTTTTTACACAGTCACCTGGGGGCTCAAGAGATGTCTTCATGCTTTATTCTAATGTTCTCTTTATTTTACTGTGTTTACTTAACAAAATTGAAATGCTCTCCTGCACGAACTATACTACCAAAAACCTTTCAAAGGAATTCTTATCACTCCCATGAACTCACGGACATGGGTTCCCAAAGACTCAGAGCTAGGGGAGTTTTCCTCTGCGTCTTTGTCCTATCTCTTTCCAAACCTACGTAACCTTGTTTAGTATGCCTTGTTTTCACTTCTCCCATTTCCAGACGATTCAGAGCAGAACTCCAAAACATTTTCCTCAGATTTCTATGTTCTTGGATGACTAAAGAAGTTTTAACAGTGAAAAAATAAAAATAAAAAAAAAGAGGGAGGGAGGGGTATGACTTCACTCTCTAAGCTGCAAGTCTTTTATAACCCCTCTTGGACTTGAGGCAGAGCAGACTGGCCAAAGAGAGCATTGGCTGTTGCCTTAGCAACTTCCTGACTCACTGGCTACTTGCCCTGCGCAGAAGCCCTGAAGGAGCTGAAACCATGTAACCTCCATTAGAAGGCCCTCTTTGGCCCATGTTTACTGTTGAACACCCAGTGAAGATGTGGTTTTGAGGAATGAGAGACAACCAGTGATTGCCTGCCCATACATGAAGAGGCAGGTATTTCAAAACCAGGATGCCTTGCCTGATATAAGCACAGATGAGTCACATGAGTTGGCCTTGGGGACAAAAACTTGTTGAGATCATACGAGCCAGTTGGCAGCACAGTCCCTGTGTCACTGACTAAGGGGTTCTCTGTGTCATACTGATTAACGAAGTTTCGTCGTGTTCCCTAGAAATGGTAAAACAATCCACAGAAGTTCTCGTTTGCT"
"4","1119_15_77671261_G_GT_11827.s1","GRCh37",15,77671260,77671261,"CAGGAATCTTGCTACTTCACGGTAT","AGTGACTCACATTCTCTTACGACTT","60.246","59.321",15,77378442,77379350,909,"99.9% (1 x 2)","CAGGAATCTTGCTACTTCACGGTATTATTTACATATTACAAATTATATTTAATTAGAGTTTGTTATTTGTTCCATTTTAAAGGTATTGGAAAATAAAATATTTCCCTTTGCTGACATACTAACACACTCTTTACTATATACTAAAACTTTATAACATTTTATGTCTTAGTGGTTTTTGGAAGGTCAATACCATTGCATACTTATATGCTGAAATAAATCCTTTTAAAAATCACATTGTCAATTCTCTTTGGCTTCAGAAAATAGACATGTCAAAAACTCAACTGGAAAGCAAATAAATCACAATACCTTTGAAGTGTTATTAAATAATCCTGAAGACGAAATCTGAGTCAAACTACAAAAAGGCCCTCAATCTCTGCTACCAAGAATTGTGTTGGATTCATTCATATATCATTTATAGAAAAGAAGTAATCACCATGTCTTTAGCCAAGCACAAACATGTTTGTTGAGATGGACTGTGTAAGTCCGAGGATTTTGCTCGCCACCCCTATATTTCCTTGGTCTACAAGAAACAACTGTAGTTCAGCTGAGACTGTCTTTAACTGGTTTGTTTTTAAAGAGCTATATCTGCTGAAATGAGATTGCCTAAAAGCACTGCAATCCTCTCCAGTGGGATTACAAGTTATATTGGTAATAAATGTGTTCACTTAGGTAACAAGAAAGAAGAAAAAGGCAACCTACAAATAGTGCTGAAAATCTGAAGTTATACATTTTCTCCAATGAAATAAAAGTAGTTGAATACCATATATTTCAAATAGAAACTCAAAAATCTGGGGATGTCCACAGCAAGACCTTCCCATAAGGAGCAAAATTATCTAGCAGTCCTTCTAAGAGGAACCTGAATTAGCATTCTCTATTGAACTAAAAAGTCGTAAGAGAATGTGAGTCACT"
"5","1137_3_109618816_A_T_11990.s1","GRCh37",3,109618815,109618816,"CAGGTAGCTGAAGAGTAAGTTACAAGA","GCTATACCTTCCAAATCTCCTCCAC","59.87","60.305",3,109899485,109900399,915,"99.9% (1 x 2)","CAGGTAGCTGAAGAGTAAGTTACAAGAGAATGGTCATCACAAAAGTTGAAAAATCTTAGAAAGTTATACAATAATGAAGTAGTTTTTTGAAAACTTGTAGTTTAAAACAACTTCTGATAGTTTCCTGTATAGAGTTCTAATTGTATTCTTTTCTACATATTGATCACTATTCAATATTAGGAAAAAAAGTTTTGACTTTGCTTTAGTAGATGAATTTATTGTAAATCTTTTGGAAAGAATCAAATGTCTACCAAGTTAATACAATAGTAATTGGAATTTAAAATTTTCTCTCCTAAGAGAAAAAAATTCACATTTGAAAGTATTTAATCTCTTTGAAGAGCTTTAGTTAAATTCAAGACTAAACCATAGGTTGAAAATAGTTCTCTCAGCCCAGTTATTACCTTTTGCTGATGATTTCTCTGTGGTTACTCTGCCTATACGAGAAGATTCTAAAGCTAGAAAGACTATTTGTTTTTTAATAGCTAGTTGGCCAGACCACCAATTGCTTTAAGATGCTGTGGCTCTGAATACAAGTGCAGAGTATTAGATTAATGGCTTTTGCTTTGACCAGCAAGAACAGGAGAGTTAGGGAATAAAAAGCAGGACCCCTGTTTTCCCCATGGCAGAACTCTTTGTTCCCTGAACCACGGGGAGGATTAGTCTGAATAGTGGTGTGTAAAATGGATTCAGTCCCATAGATCTTATCACCTTTTATCACTCCAGTAAGTGAGGGTTCAATTTAATAAGACATGGTATTAGCCGTATTTGCTTTGTTTAGGACTTTTATATAGATTAGCAATCCTGGACTCTTTTTTCTGGTTTTCTTTTTTTTGTTGGAAGGGGACAGATGATAGTGTGATTAGCACTTTAAAAAAGTAATGGCAGTAGGGGTGGAGGAGATTTGGAAGGTATAGC"
"6","1156_12_16001009_T_C_12061.s1","GRCh37",12,16001008,16001009,"CATCAGGTAATCTTCCACAGGCTTT","TTTAAATCCCTGAATGTGCCAACCA","60.654","61.011",12,15847653,15848559,907,"100% (1 x 2)","CATCAGGTAATCTTCCACAGGCTTTTCAATTCTCTGCAAATCTTTATCCTTTGTGCTACTATATTGATCCTTGGTGGTAACTATAGTACCTATGGCTTCATTGCTATCTATCTACATGGATTTCTTGCACACATCGATCCTTCTGTTCCTATCCTGTTCTCTGCTATTCTGACTCCTACATCTTTAGCCCCACCTCCAACCATCTTACTTAGATAGTTCTTAATTGTCTTTGAGCTATAATATATTCCTAAGTCTAATTATATTCTCCTCCATATCACTGCTGTGCCATGATGCATAAAATGTATTTCTCAACTATACTTGTAGACTTTGAAATGGCAGGTATATATACTACTTTTTAAAATATCCCTCACACATAAAATCAATTTGATTTTACCTTCATTCTACTAACATACAGTATTATCTATACAACATCCCAATTTTCAATTATCATTTCTTATAAAAATAAAATATGCTCAGCTCTGACAGATGCCTCATCCTTAAAATACTCTCTTCCTCATAACAAGAATCTCTGAGGGGAAAAAAAATAAAAAAGAAATACTTTATTTCCTTGGATTCTTAGGTACCACAAACTCTGCTGATTCTGCTTACTTCACAGTTTCTTTTATGCCAACTTCGCTGACTTCATCTTCTCTATACAGCCCTCAAAAACCAGGGTTCCTGGGGAGCTTTTTTTCTGGGCCTTTTCTCCATATATCTCTTTTACTTTAGGTGATTTCTATTGTCCTGTAGCTGTCAGGAGTGGTTTCAGGTGGAAGTTTTAGAATATAGCTAAAAATTATCTTTAACACTTTAACATTGTCAAAATACTGGGATTGCAATAATATTACCTGCATAGGAAATACTTAATTTCTTAATATTCCCTGGTTGGCACATTCAGGGATTTAAA"
"7","1166_8_42410052_T_C_12113.s1","GRCh37",8,42410051,42410052,"CAGGAGATGAATTCCTCTCCGTTT","TCTAAGTTTGGCTCTGGCTTCATTA","59.946","59.838",8,42554552,42555452,901,"99.9% (1 x 2)","CAGGAGATGAATTCCTCTCCGTTTTTTCCTTAAAGCAAACTGATGGGAATTGCACACACCCCACTGGCAGGAACAACAGCAAGCCGGCTTTGAAGTCTCTTCCCTGCTTCAACAGCTGAATTGGGGAGAGCGCAAGCCCTGCAGCCACACTTCAAAGCGGCGCTGACTGGCTGTCCTGCTTCTACCCAACATCCACCTGAGACTCAACAGAACTGTTTTCTTTGGAAGAAAAATGGAACTACTAATAAGCTAGTAATTAACCCTTGTATTCTTTTTCTGGTTTCATCTTCCTGTTTTAATGTGTAAGATATTCAGCAGTAAGCACTGGTCAGCCTGCCCTGGTGCACAGCTTGAGTGTGTTAAATAACTGGCTGTTTAGCTGATGCCAGCCAGCTGCGTGAAGGGGAGAAGGCCGCCTCCAAGGACACAGATGTTTGCTGTTGACCTCACGCTGTGTCTGGTTGAGTTATTCATGATTCATCAGAAAATGACATGCAAGGTTTATGGTAAAACTGCTGTACAATCAGAAGTATTTTAAGTATGCATTAGAAGTAAGATAAAATAGTAATAAAAATAGTTTCAGATGTTAAGATGATACAAGAATAAATTTAACCTAGAAAATAAAGGGAGAAGGAATAAAAGAACGTGGTATAGAGCCAAGTAATTCATTCAGTGGTTGGTTCTGGAGTGTTTCCCCTGTGCTTGCTGTATGTGATCCTCTTTCATAGGCTATTCTAATAGCGGAACTAGAATAAGAGGTGCCAGAAAACCAACGGAAATAGGAAGGGCACTGAGCTAATCTCCAACATGTTCACAACAGTGAGGACCAGAGGGCAGGGGCTGGAGCTCCGTGAGTGTATTTCCCACTTGGCTCCTTAATGAAGCCAGAGCCAAACTTAGA"
"8","1295_11_72853613_GGGTGGGA_G_12704.s1","GRCh37",11,72853612,72853620,"CAGCCAGAGAGCGAGTGTGA","AAACGCCGGAATTCTCGTATCC","61.448","60.632",11,73142049,73142962,914,"100% (1 x 2)","CAGCCAGAGAGCGAGTGTGAGGAGACGAGGGAGGAGCACCGGGAAGGCTTGGGGCCCGGGCGGCCCGGGCGGCCCGGGGGTGTGTGAGGAAGGAGGCGGAGACGGCGAGGGGGCGGGGGCCCCAGGAGCAGGGGCGCGAGGGTCTCAGCCGGCCGGGCGGCGGGTTAGCCGCAGCCGCGTTGTCCGCGCTCCCGGTCGGCCGCCTGCGCCGCCGCTCCCGGCGGACGCAGCGGCCCCCACCCCACCCACTCAGGCGGCCCGGCCCTCGCTGGGCCTAACGCCCCCGCCCGCCCGGGAGGAGGAAGGTGGCGCCGCTCTCCCCGCTAGGGCTCCACCACTCAGGCCGCGGGAATTTCCGGCCTCGCCGCGCGGCGCAGCGCCCCGCTCCGGATGCTGAGGGAACCGCTCTGTCCAGAGCGGGGTTCGAGGGGCCGGTCCGGGCTGCCAGGAGGGAGCTAGGCCACGGCACGGGGCTTCGTACCGCGGCAGGGGAAGGGGGAAGCTAACGGATTGGTCGGTGGGTGGGAGGTGTAGAAACGCCAGCGCCACGCGAAAATCCCCCCTTTCTCTCCGAGAGTGGCACGTTCCAGACGCCTCCTGCCCTCCCTCCCCCACGCTGGGAGCCAGCCGGGGGCTTCCCGCGCGCTTTCCCGCCAGCTCGCCCCGGCGCGCGCGTCTCCGCTCGGGGGCGCGCACGTGGGCGGGAGAGGGCTCCGCGCCGACGCACGCGCACAGGCCGCCCCCGCCTCCTGCCTGCCTTTGCGTGTGTGTGTGTGTGTGTGTGTGTGTGTGTGTGTGTGTGTGTGTGTGTGTGTGTGTGTGTCGGGGGGCGCGGGGGACGACGCTCGCAGGGAAACGTTTGCAGTGGGGAGGGGGGCGCAGCATGCCTGTGGGATACGAGAATTCCGGCGTTT"
"9","1384_7_2571324_T_C_13239.s1","GRCh37",7,2571323,2571324,"CAGCTGCCTCTTCCCAGAAC","CACGGACCAACCTGCTAGATG","60.251","60.316",7,2531367,2532272,906,"99.8% (1 x 2)","CAGCTGCCTCTTCCCAGAACCCTCCCGGCACGCACTTCGGCGACTCTTACAAGTACCTGTTCAGCGTCAGCCTTCGCCCAGGAGTGCAGGCTGGGGACGAGGGCAGTGGCCACCTCTGCCGGTCCTGTCAGCACCTAGTGCAATGTCCAGCCCACCGTGGGCACTCAACGCAGGCGGCTGTGCTGCCGCAGGTCACAGCACCAATCAGACACCCCCATCCCCACACACACCCTGCACCGGCCCACGCGGCCATCACACTCGGAGCACACGCGCTCCGATGTGGCTGCACTGTTGGCACACGCACAGGCGCGCACGTGGGCGCATACACGCCGGGGCGCCCTGACCTCCCCGCACGCCCTCCCGCAGCCGCCCCGGCCTCTGTCCCCACGCGTGTCACACACGGCTGGGTGTGCTCGCTCACGCCGTCCCGCGACGTTGCTCCAGCCGGTGCCCGGAGCTCGATCGGGAGAGCTGCTGTTGGCCGCCTCTGCCTGCCAGCGTTTGCCAAGCGGTTTCCATGGTGACACATCTTGGCTCCGACAGGAACCAAGGAGTGTGGGGAAGAGGGTCCCCACGGAGGGGGCGAGGCGAGGCAGGAGGTCTCTGCGTCTTCAGGCTCCCGGCAGGCATGGGGGGCTCCACGAGTGCAGACACCCCCCAATCCCAAGCCAGGCTTGCACCCCGAGAAGGAGGCTCTGGGCTGGTCCCTCTGGGCTGCCTGGCACAGGGACTGACTTAGGTCAGTCAGTCATTCAACAAACTTTCTGGAAGAGCCACTCTGTGCTCACAGCCGGGTCTACGATGCTGCCCAAGACGTGGTCTCGCAAGAGGCTCGGAGTCGAATCCTGAGGCTAAACTGACGTCCCGCCACCCTACTGAAGGCCCCATCTAGCAGGTTGGTCCGTG"
"10","1384_7_2571324_T_C_13239.s1","GRCh37",7,2571323,2571324,"CAGCTGCCTCTTCCCAGAAC","CACGGACCAACCTGCTAGATG","60.251","60.316",7,2678805,2679728,924,"99.8% (2 x 1)","ACGGACCAACCTGCTAGATGGGGCCTTCAGTAGGGTGGCGGGACGTCAGTTTAGCCTCAGGATTCGACTCCGAGCCTCTTGCGAGACCACGTCTTGGGCAGCATCGTAGACCCGGCTGTGAGCACAGAGTGGCTCTTCCAGAAAGTTTGTTGAATGACTGACTAAGTCAGCCCCTGTGCCAGGCAGCCCAGAGGGACCAGCCCAGAGCCTCCTTCTCGGGGTGCAAGCCTGGCTTGGGACTGGGGGGTGTCTGCACTCGTGGAGCCCCCCATGCCTGCCGGGAGCCTGAAGACGCAGAGACCTCCTGCCTCGCCTCGCCCCTCCGTGGGGACCCTCTTCCCCACACTCCTTGGTTCCTGTCGGAGCCAAGATGTGTCACCATGGAAACCGCTTGGCAAACGCTGGCAGGCAGAGGCGGCCAACAGCAGCTCTCCCGATCGAGCTCCGGGCGCCGGCTGGAGCAACGTCGCGGGACGGCGTGAGCGAGCACACCCGGCCGTGTGTGACACGCGTGGGGACAGAGGCCGGGGCGGCTGCGGGAGGGCGTGCGGGGAGGTCAGGGCGCCCCGGCGTGTGTGCGCCCACGTGTGCGCTCGTGCGTGTGGGTGTGTGCGCGCCTGTGCGTGTGCCAACAGTGCAGCCACATCGGAGCGCGTGTGCTCCGAGTGTGATGGCCGCGTGGGCCGGTGCAGGGTGTGTGTGGGGATGGGGGTGTCTGATTGGTGCTGTGACCTGCGGCAGCACAGCCGCCTGCGTTGAGCGCCCACGGTGGGCTGGACTTTGCACTAGGTGCTGACAGGACCGGCAGAGGTGGCCACTGCCCTCGTCCCCAGCCTGCACTCCTGGGCGAAGGCTGACGCTGAACAGGTACTTGTAAGAGTCACCGAAGTGCGTGCCGGGAGGGTTCTGGGAAGAGGCAGCTGT"
"11","1395_1_187236469_T_C_13298.s1","GRCh37",1,187236468,187236469,"CATCCTCCAAACACACATACACATG","TATCCATGTCCAGCTTGAGTCATTT","59.961","59.896",1,187266940,187267839,900,"99.9% (1 x 2)","CATCCTCCAAACACACATACACATGAGTACATAGACAAACCATGCCCTCACACACTCCAAACAAACACTTGGCTATCTCTTCCACCAGATGAAAGGGCAAGGGATAGAGGATCTGAAAGGATATGAATGAAATTTGCTGAGAACTGAGATTCCACTGTAGGGGCTTTCGTACAAACTTGCTGTTTTTCACTTTGGTACAGTTAAATTCAAAGTTACTTGGAAATACATCGTATTTGAAATGGCTATTGGTTAGATATTCTTTAATGTGAATATGCTTCTGATCATTTCTTAAGAACAGGTTTTGATAGACAAACTGCACATTCTGAGGGCCTAAGGCTAAAGGGAAAATAAAAAGAGGGCAAAGAGAGAATGCTGAGGTGCCGCAGACAAACTCGGCTAACAGTGATTTGTCCTGAGGTCAGTGCTGAATGAAAACCTGCAGACACCACTGAGAGCTGTCCATAGGAAGGAACAAAAGGTTATAGAGAATACTGTAGTTAAAGAGTATATTTCTCTACTTACACCAATGTGATGCTTGAAAGGTCTCTGTGGTCTATATAAAAATGAAAGTTACTGGATACCATTAAATTAAATGAGACGTTCCTGACCTCAAGTCTGGCAATCGTAAATCCCAATTCTTTAATTCAATCCAAGGTTTAATACTTTTGATCTTTAATAATTGTAAATGTGTATTAGTTTGTCTTTTAATTTGTATGAGTACATAACTGTTTTAATATTTCGTAGACACAGTTGATGACAAAATGCCAAAATTTCGAGAAGTTGAAACCAAAAGACTGTGATTAATGTGGACAGATTGACCTGTTTCAATATTTAGTGTGGATCAGAAGGGTGCATTATCACAATGTCTTATGAGCAAATGACTCAAGCTGGACATGGATA"
"12","1404_16_75529278_C_G_13324.s1","GRCh37",16,75529277,75529278,"CAGCCAGCTCTTTCTCTTCACT","CTTTATCTGGACCTGCTATGAACCT","59.858","59.721",16,75495048,75495962,915,"99.9% (1 x 2)","CAGCCAGCTCTTTCTCTTCACTGGGAGGGTCCGCAGGGGCTGACTTGCTCCTTAAGGTCCCAAGACTATTAAGCGACACCCGGTGAGGCCGGGAAAGGGGCTCTAAGAGGCATGGACGAGAGTTGGCGGTGACCAAGCCACTGGAAGCTCCTGGAGACTCGAGGTAGAACGAATGTGGGAACAGGGCAGGAGTCCCAGAATGGGATGTTGAGGCTGGGGGTGTCCTGGGGCTACCACAGGGAAGGACCCGGCGCAGAGCTCCCTCTGGAACCCGGCACTGCGGCCCGCGCCCTCTACTCCCCGCGCGCCGGCCGGCAACCCTCGGCGCTGCCCGGTGCAGCCCGCCCGAGCGCACACAATGAGGCGCTTTCAGACGTGGCTGCGGTCCCGAGGTGGCCAGCGGGAGCTAGCGCCGTGGGGGAAGGAAGGAGCCGGTTGGCCCACCCCCGACCGAGGGGCCACGCCTCGGGGGAGGGGCGCCGGCCGAGGGCGGGGCAGGAGGGCCCAGGTGGGCTGGGGCTCTGAGAGGCTCAACTTTTAGCCCAGAATGTCAAAGGGCGCTGGCAGAGTCACCTCTCATCTGACTACAGAGGAACGTTGTACCCCACCCCACCCCAAATCCCCAGAGAAGGGGGGCTCCTGGGAGGACAAAGGCCCTAGTGAAGGAAGTCGAATCTTAATCTTGACCCTCCTCACTCTCGGGGGCATCCTTGCGGCGAGGTGACTTGGAATCCAAACCCTTCCCAAGGCCACGGCACCTGGATGACACATGGACCCGGTGCAGTGTCCCAACTGGGAAGAGCGGAGAGACCAGGTGGCCTTAGGAGCTGGGTCCGCAGCTTTTCCCCTCCTCCTGCGCATTCCCTGCCCTAGCCTAGGCCCAGAGGCGCAGGTTCATAGCAGGTCCAGATAAAG"
"13","1443_16_85730994_G_T_13505.s1","GRCh37",16,85730993,85730994,"CAGGTGGCCACAGGTATTTCC","ttcaaatggagatggtaaCCAGGAT","60.524","59.596",16,85696831,85697734,904,"99.9% (1 x 2)","CAGGTGGCCACAGGTATTTCCCCATCTACCTGTAGCTCTGCACAGCCTGGCAGCGTGTCCCACGCCTCCTTGGGGGACCGGCATGTTCCTGCCTGCAGCGCGCCGGCTCCTGGGTTTGGCCGGGGAGCCATCATGACAGCCCCGCCGCGCACATTACGGCTGGGCCAGGCGTTCTCAAATGGCTCCGACATGGTGTGAATACACTCTTGTGTCTTTTTGCCATCTGCTGCTGTCATTAAAAAATTACATTTCCATCTGTTTTCACACTTTTCTCCCTCCCAACCTCCCTTCCTGGAGGAATACAACATGAATCCCAAGTTTCAAGACCAGAACGTTCCCTCGCCTCTTGGAACCTGGGAACTTTCCCCTGACACACCAGGGTTAGGGTTAAGGGGCTTTGCCGGCAGCCGGTGCTGTTAATTTCCATCTATTTCCTCTTCATTTGCCATTTACTGTGGCCCCATGTTCCCCCAACACACACTTTGGGGGAGCCATTCACGAAGCTTTTTTATCGTTGGTTTTAATCAGTATGCTTGGCTTTGGCATTAAAAATAAATGAAAAATAAACTGCAGACATTAGGAACCATTCCCCCAGGACGTACTTAAAGAAGAACAGACAAAAAATAAGAATAGGGGAGTGACGTTTTGGGTTCAACATAAATCCTCACTCTGGATTTGCTCCAAAGAGGCACCCACCCCCACCCACAGAGCAACCCCAGCCTTTGATGAAGCGTCCGGTTCACTGAGAGCCCAACACTGCAGCAACCCTGTGGCAACGCGGATCAGCCTTGCTTTTCTACAGCACAGCTGGGCAAACATCGGCGCTGGTGCTAGCATTTCCGGTTCCTTGCGCGTGTTCATTCATGCCATCTTCTGCACATCCTGGTTACCATCTCCATTTGAA"
"14","1463_2_165215661_G_A_13543.s1","GRCh37",2,165215660,165215661,"CAGCTTTGGGAGAAACTCACATATT","GGGCTGCCTCAGTTAGCATTT","59.146","60.525",2,164358727,164359641,915,"99.9% (1 x 2)","CAGCTTTGGGAGAAACTCACATATTCTTTTTCTTTCTCATAAGGAATATAGTGTATAAAAAACACAAAGAAATGTATATGTTGCTTTAGTTACAGAATACTCTCTGTCAAAAGGTCTCCCCCCACCCCACCTGACTGTTGTTTCCAGCATTCTCTGTCTCTCCATTATTCTTTGCTTGCTAAAGTAGCTTATTCTATAATAAAGGCAACTGAGTGTCGGCTTGAGACTGCCATGAAAACTCACATCCATATAAAGCGTTTTTCCACTTTTGTTAAGCTTCTTATCACACACACACAAAAGAAAGAACTCTCTCTCCTTCTCTCTCTACGCCTCTCTTTCCCTCTGCCCTTTTTAAGCGATCGTTCTAATTTTATGGAGACTCTTTTGCTAGGGTACCAAACTACAGTTCGCTCACTATAGGAAAGTGAACCCCAAAGAGCCAGCTTGCAACTATGACAAACCATTTCCACTTCTTATGTTAACATTTCATCTCAGAGGACTCTTTTCTCTCTCTGACAGTTGCAAGGCACCTCTTTGTCTCTATTGAGCTTACTGTGTGAAGGTGCGTCATTGACTATAGTGAAGTGAACTCGAAATTGCCAACTTGAAGCGGGCACACGGTTTTTTAAATTTTGTTGAAGTTGACGCCCCCATGGGATTTGTGCTGTCCTAAGCAGCAGTTTAGTCTTTTATGACATTTCTCTTCGGAGACAGCCTCAGGGAGAGACAATGTGCCAACTTCTGCATTTGGGGAGGTGGGAGCATTGGTGATTTGACGGAACTCATTTGATCACACCCGCACCCCACTCCCGTGTCCATCACAGGTGTCCTTTCTCATTGTTCTCTCTTCTCTCTTCTGAACTCACTGGGTTCTTTAAAGCAGGAAAAGTTCAAAAATGCTAACTGAGGCAGCCC"
"15","153_3_75680186_C_T_11775.p1","GRCh37",3,75680185,75680186,"CAGATGGAGGCCTCACAGAAG","AGCTGAAACTGCAAGACAAATGATC","59.705","60.132",3,75630546,75631445,900,"99.9% (1 x 2)","CAGATGGAGGCCTCACAGAAGCCTGTGGCAGGGCTCTGGGCTTGGTGGCTGAACATCTCCCTCTCTGCTGCCAGCCATGGGGCCCAGAACCACCCATTCAAGAGGGTCACCACCACATTGCAGGTGTGCAGCTGGACGGCTCCCCAGGCAGAGCCTGCCATGGACTCCATGCACACAGAGGATGCACACCTTGAGGCTGGACTATGAGGAGAACATTCCTGAAGAGGTGCATGAAGCCTGGTCCTGCCCTCACTGGGAACCCCCTTCCCTCTGGGTACCAGACAGAATTCTATGCACTTTCCTGGAGGCTCCATGCTGGTCTGTTCATTTGGAAGTTTGAGGCTGTCCATGAGGAAGTAACAAAAGAGATATCTCAGAGCAGGTTGTGGGGCACAGGCTGAGCCCTTGCCTAGTCCCTCCCTAGTCCCTTTGCAGAGCCAGGGCTGGAACAAGGACCTGTGGATAATGAGGGAACTGCTCTGCAATAACCGGCCTGAGCAGCTGCTTCAAGAAACAGCCACAATCAAGGCACCTATAGCCCCTGGTGAGTGACTGGCAGCCTCAGGCCCACCTGCCATCTGTGAGCAGGTTTTCTTGCTAACAGGATGAAAGCAAAGAAAGCTGGAATAAGCCCAGCCCTCTCAGGCACCTTGAAGTCTGTTGGGGTTCCTTGCAAAGCCTTCTAGCCTTCTGCTTCTTGGCAGCCCACCCAAGCACCTTTTTCTAGCCTCTAAGACTTTGATGCTCTGGAAGGAGAGGGCCCTACTTTCCACTAGGCTATGGGGCCAGGCCCATCCAGCTCCCTATTTCTACTAACAACCACAGGGCTCTCACCTGGGCACACACTGCCCAACCATAGCCCTTCTAAGGCAGAAGATCATTTGTCTTGCAGTTTCAGCT"
"16","153_3_75680186_C_T_11775.p1","GRCh37",3,75680185,75680186,"CAGATGGAGGCCTCACAGAAG","AGCTGAAACTGCAAGACAAATGATC","59.705","60.132",10,133658997,133659896,900,"99.9% (2 x 1)","GAAACTGCAAGACAAATGATCTTCTGCCTTAGAAGGGTTATGGCTGGGCAGTGTGTGCCCAGGTGAGAGCCCTGTGGTTGTTAGTGGAAGTAGGGAGTTGGATGGGCCTGGCCCCATAGCCTAGTGAAAACTAGGGCCCTCTCCTTCCAGAGCATCAAAGTCTTAGAGGCTGGAAAAAGGTGCTTGTGTGGGCTGCCAAGAAGCAGAAGGCTAGAAGGCTTTGCAAGGAACCCCAACAGACTTCAAGGTGCCTGAGAGGGCTGGGCTTATTCCAGCTTTCTTTGCTTTCATTCTGTTAGCAAGAAAACCTGCTCACAGATGGCAGGTGGGCCTGAGGCTGCCAGTCACTCACCAGAGGCTATAGGTGCCTTGATTGTGGCTGTTTCTTGAAGCAGCTGCTCAGGCCGGTTATTGCAGAGCAGTTCCCTCATTATCCACAGGTCCTTGTTCCAGCCCCGGCTCTGCAAAGGGACTAGGGAGGGACTAGGCAAGGGCTCAGCCTGTGCCCCACAACCTGCTCTGAGATATCTCTTTTGTTACTTCCTCATGGACAGCCTTAAACTTCCAAATGAACAGACCAGCATGGAGCCTCCAGGAAAGTGCATAGAATTCTATCTGGTACCCAGAGGGAAGGGGGTTCCCAGTGAGGGCAGGACCAGGCTTCATGCACCTCTTCAGGAATGTTCTCCTCATAGTCCAGCCTCAAGGTGTGCATCCTCTGTGTGCATGGAGTCCATGGCAGGCTCTGCCTGGGGAGCCGTCCAGCTGCACACCTGCAATGTGGTGGTGACCCTCATGAATGGGTGGTTCTGGGCCCCATGGCTGGCAGCAGAGAGGGAGATGTTCAGCCACCAAGCCCAGAGCCCTGCCACAGGCTTCTGTGAGGCCTCCATCTGCTCT"
"17","1555_4_3436193_C_T_13952.s1","GRCh37",4,3436192,3436193,"CAGGCCACCCAGTCTAATGG","TTTGTTGGAAACGAAGCAGATCTG","59.677","59.832",4,3433901,3434808,908,"99.8% (1 x 2)","CAGGCCACCCAGTCTAATGGCCCTGAGCCTTAGCTGTCTGACACACACAACAGAGGCCTCAAGCGGGAGAAGTGTCAGGCCCCTCGTGAGGCTCCAGGGCACGCTGGCAGAGGTGTGCATGTGTCCACACAGTGCTGTGTGTATGAGGCCGTTCTCATGTTGCTATGAAGAAATACCCAAGACTAGGTAATTTATAAAGAAAAGAGGTGTAATTGACCCACAGTTCTGCATGGCTGGGGAAGCCTCAGGAAACTTACAGTCATGGCAGAAGGCACCTCTTCACAGGGCAGCAGGAGAGAGTACGAGAACCGGCAGAGGAAATGCCAGACGCTTATAAAACCATCAGCTCTCCTGAGACTCACTATCATGAGAACAGCATGGGGGGACCTGCCCCCATGATCCAGTCACCTCTACCTGGTCCCACCCTTGATACCGGGGGATTATCACAATTCACGGTGAGGTTTGGGTGGGGACACGGAGCCAAACCATATCAGTGTGTCAGGCAGATATACCCATGTGCGTGCATGCCTGGTGTGTGTTCGTGTGGCATGTGTCGGTGTGTGCACCTGCCATGTGTCTGCATGGCACGTTTTGTGCATATCTGTGTCTCGACACAGGGACCCTCCAAAATGCTCACCTTCTGTTCTCGTGGGGAGGGAGCAGCTGTCCCTCCAGCACTGCTGTGTCCCGCCTTTAGCAGTCATCTTCCACCCCTGCACAGAAGCAGACGTCTGCGCTTTGTGTTTTCACAAAGGAGAGAGGCATTCAAAAGGTCGCGTGCACCCACACCCGAGTTTCCAATGCACAGTGCTCCTTCTGTACGCGCCATCTTAAAACGGGTTCTTACGGTTGTGTTGGTAATAATTCCCAATTGCTTTCTTAACCAGATCTGCTTCGTTTCCAACAAA"
"18","1641_2_8802793_A_G_14153.s1","GRCh37",2,8802792,8802793,"cagagtagctgggaccacaTCT","CAGTAGTCATGGCCATACGGTGAT","60.778","61.868",2,8662322,8663221,900,"99.9% (1 x 2)","CAGAGTAGCTGGGACCACATCTGTTTTATCTTTAAACTGAGGAGACACGCCCCTCCGCCCCTCTCCACATATACCCTGGCATCCTGTGTCTTCTCTGCTCTCTCAGGGCCACCTTCTGAGCAACAGATCCCCACGGCAGCCCCAGAGAGCGGAGTGGGGGTGGGGGGGATGGCTTTGTCAACTTGTTCTCATTCTTGAGCTGACGATCTCTCCGTTTTGAGAGTGAGGAGATCTAGGCCTTTTTCTTTTCCCTGGCATGTTTAATTTACAATTACTGTACTCAGGCAGTGTGAATGTTTACCATATGTTGGTTGTGTGGCAAAATATTCTGGCTCCCAGAAAAAGTCTGGTAGCTGAGTCAAGCTGAGTCACTCACCTAGAGAAGTCCTGAGGGAGGTCATTAGAGGTGGCTGGGACAGGCACGGTGCCTCCCTGCCTCCTGGAGGAGGAAAAGGCAGAGCTGGGAGTCAGATCCAGATGGGTGCCCCAACCGGCTGGAGCACAGAGGCTCTTACAGAACACCACGATTGTGTTGGGATTGTATGCACTAGAACTTTGCCTACAGAGGAGAAAAAAGCCGAGTTGGAACCAGGGCAATGAACAGGACCAAAGAAACTCAAGGATGGAAATGGTAACAAAAACGCAAAGCAGAACTCAGTCACCATCAAAACACAAAGATCACTTCAATTTAGTATTTTTTAAATGTGTCCTTCATTCTAATAGTATATGGTTTACATACTAAAGTGAAAGAACTTATTCATTTTGATGATAAATCATCATGTTTTTCAATGAAACATGTGACAGGTTAATTCCTGCAGTTTCTGCAATGTCCCCAACAGTTAGGACCTCCATTCTATCATAAAATGGCCACTTTTCATCACCGTATGGCCATGACTACTG"
"19","1673_1_12675637_A_G_14319.s1","GRCh37",1,12675636,12675637,"cagTAATTGGTCAGATAATGGCGAGTT","CAAACCTGCATGTAATTCCAGGTT","61.152","59.585",1,12615210,12616109,900,"99.7% (1 x 2)","CAGTAATTGGTCAGATAATGGCGAGTTACAGGGAGCACTGCTGGTCATCCTGACAAGTCAGATGACTGAACCGAGCATGAATGGCACTCGAAGTTTCACAGGCCCCCATGGATCCTGTTTTTGTTTTTGGTGACCCTGACACCAATTTAAGACACATTTCTAATTGGCCCTGGCTGGATTCCCTGGAAGAGGACGTCCAGTCCAAGTTAGGTGGGGTTTGGTTCCCGGTGCGTGAACTTGCAGGCTCCACTCTGTACTATCACACCCACCCCCCAATGCCATACACTTCTTTCAATTTAGGATTGTTTATAGTCAGTCGAGTTTTTCCAGATTGACTAAGAGTTCCTCATCTGCCTACTGTAGTCAGCTACAAGAACAGTAAAAGAGACCCAGGACTTGGGCCAGCTGGAAGACTCAGAAAAAAGTTTCTGTGGGATGCAGACAGCTAAAGAATGACAATCACATGCAATTGTCCCAAACCCCACGTCCGCCCCAAAGGACACCCTCATCTGCCCTTTTCAGTCCCCTTCACAAAGAGCTTCAGGAGCCCTTTTATGGGGCATCGCCTCAAGGAAATGAAACTGCTGAGAACAACTCTGACTTCCCCTTATTCGTTGTGTCCAAGGGTTAAAAACGCTTCCCAACTCCCCCTCCAAATGCAAGGTCAAGCGGCTGTCCAAACCACCCAAGGAGAAGAGGGAGTCCTGGACAGCCAGACCCCTGCTAGCTTGGCCACCACAGGCTCCGGCCAGCCCGGCTAGGGAAGAGTTAATCGGATCGGCTTTGGCTGATAGTTCAGGCTCCAAAGTTCAGTCCCAGTCAGAGCCACCCCGGAGGAATTGTAAATCTCAGGGCAGTATTTAACAAAACAAAAGCAACCTGGAATTACATGCAGGTTTG"
"20","168_15_29990673_G_C_11946.p1","GRCh37",15,29990672,29990673,"CAGCTCCTTCACTGTCAAGTAGTTC","gtGTCCTTATTGTAAACACAGACACA","60.872","59.306",15,29698005,29698905,901,"99.9% (1 x 2)","CAGCTCCTTCACTGTCAAGTAGTTCCAAAGGAAAGCACGAGTAGGTAAGAGTCAAAAATGCCACTGAGTTTTTGCTGTGATCAAATTGATCAGGAGACAACAATGTGGTTCTGTAAAAATCAGCACATCAACAATGTGTCTTCCCACACTCCATCTGGGGAAACCCGGCTAAGCAGCCTGGAAACAGAGTGCCAGGTCACTCTCTACATGTAGGGCTGCTGGGCAGCCGCAGTAACGTGTGCCCGGATGCATCTGTGTACACAGCTCTCTGGTTTGCTTTCTGCAAATTGGACGGAAAACAGAGCCTGGCTTCCCATCCAGTAAATGGTTTTCAAACTGCGAGTCAAGAAAACCGAAAACTTACTCCCCATCTGCCTGCTAGGTGGCCTTCCTGCATTTACTGCCACATCCCTTCCTAGCCAACTGCTCCCTGTCTAGACGGAAGCCACCCAGTGTCAACGTCTGTGTCTCCTCACCTGAGTCATCTCCATCTGCTCAGTGCCTTGTGTACTGCATTAAGTACTTGCTCAGAGGTCAAGAGGAGGAACTGACTCACGCAGCATTAGTGGATGTTCACTAAGCCTTCTGTTGATTGTAACGTTAGTATAGGGGAAGGGCAAAAGCAGAATTCTGACCCTAAAGCTTGGCCATCTGAATGAACTCACTGCACCATGCTCAGTGCTGTGGGAAGATGGTTAGGCAACAGAAATGTCCTTAGGAAGGAGCTCTAGGTATCTACACCTGACCAGGTGTTCATGCCACATACTAAAAGGTAGGGGGACAAAAAACAGACTTACTGAGTTGTGTCCCTTTCACAATAAATTGTTTCCCTAATTTATCTAAATGAAAACTGTCTTATTTAGGCCTTATATATGTGTGTCTGTGTTTACAATAAGGACAC"
"21","1699_10_43904762_G_GGGAGGCGGT_14370.s1","GRCh37",10,43904761,43904762,"CAGTTGTAGCAGAGGCAGTTGAG","cccggccTTCAGTGTACTAC","60.984","59.402",10,43408821,43409731,911,"99.8% (1 x 2)","CAGTTGTAGCAGAGGCAGTTGAGGCTTGTTGACCATCACCATGGAAACCCCCGCCTGCGAGCACGGGGCGGAGCCTACGAGGGGCGGGGTCAGGCGCGCTGCCGGCCCCAATCCTCAGCGCCTGCCCGTCGAGCGCACGCGGCTTTGCCGGAAGCCCTCCTGCTCCCGGCGAGCCAGGCCCCGACTAGGCCCTACTGCCCGGCTCAGCCCTTTGCCCTGGACACCAGGAAACAGAAGCCCAAGGAGCCCGCGTCCCCACCCCCTGCTACCTGCCGGCGTGACAGCGATTCGGTGGCCCCCCGAACCCCACCTTGAGGAAGACGCGGCGCAGTCCTGCTTCCACGACGGAGCCGGAAGGACGCAAGGACCGCGGCAGGGCGGAGTTTCTGCGTCCGGCGTCCGGGGGCGGGGCCGCGACGGCGCATTGTGACGCGCCAGAGCTGAGCCGCCGGTTGGCCGGCTGGGCGCGGAGCAGAGCCGACACGGCTGGCGGGGGAGGCGGTGGAGGCGGACAAGCGAGGACGTTTCTGGAGAGGAGAAGGGAGGGGAGGGGAGGGGATAGGGGGAGGGGGAGGAGGAGGAGGGAGTGGAGCGGCGGGAAAGATCCCTCTGACTGCCCCTGAGGCCCTGGAGGAAGGACACTGGTGAGCCCCGCAGGACACTGAAATGTGCGCCGAAAGGACGCCTGATGGAAGACTAGGATGGGAAAAGGAAATGAGAGCCGATGGCAGGGCGTGGTGGCGCAAGCCTGTGGTCCCAGTAATTTGGGAGGCTAAGGCGGGAGAATCGCTTGAGCCCGGGAGGTCGAGGCTGCAGTGATCCGTGACTGCTCCATTGCGTCCAGCCTGGGCGACAGAGCGAGGCGCTGTCTCAAAAAATAAAATAAGGAAAGTAGTACACTGAAGGCCGGG"
"22","1707_10_22518393_CG_C_14415.s1","GRCh37",10,22518392,22518394,"CAGCTTGAACTTGACACTGTTGAAA","TAAATCACGAGAGATGAGCGAACGA","60.189","61.719",10,22229062,22229968,907,"100% (1 x 2)","CAGCTTGAACTTGACACTGTTGAAATACATGCATTTCGGTGGCCCCGTTACATTTCACGCGTCACGAAGCCGAGCAAGACCAGCCCGGGCCGCCTTCCCCGTGTACGCGCGGGCCTCCGGGGACGCGCAGAGCTGGAGCGGCGGGCGCGCGCGGCAAACGGGCCCGCGCGGCCTCTGCGCGTCCCCGCTCCAGCACCCTGGCGAGGCCTAGACCGCCGTGAAGACCCCGGGGAAGGAGTGGCCGCGCTCACCTGCAGCCGGGAGAGGACAGCGGGGGAGAGGAGGCCGCTCTGCACCGGCCGAAAGCGAAGGGCTCGCCGGCTGGCCGCGTAGTGTAAGGGTCGGTGGTTTCTTTGCTTGGTCCCTGGAAATCCACCCCTTCTTATCCCGGAGGCCTGAACTCGATTTCTGCAAAACTTCCCGCGACCAGCTCATAAAAGGAGAGCGCGTCCCTGGGTGGGCTCGAACCACCAACCTTTCGGTTAACAGCCGAACGCGCTAACCGATTGCGCCACAGAGACTTCGGTGTCATTTTCCCCTTCTGCCTCAGCCTTTATGAAGAATAATAAAGGCAGTGTGTGGCTGTTTCTGCTTTCTGATTGGTACTATCAGAACCAAAATATTTTACTTCACGTTTCCAACCCTCTTAATTCTATTTTCCACCTTTTAAGCATATCGCAAAATTATACAACAAAATCAAGCAGCATTGCAGATTGCAAAATGTATTAAAATACTGTTGCTCCCCCCCGCCAACTCCCATTTGGAACGTTGTATTTCAGGAAAATAACTATTTCTTATTAGTTTTCTTTTATGAGAAAATCAAAGCTTTCATCTTGTGAGCTGAGAAACTTTCCCTTTGTTTCGAACAATTTGCCCAGTGCTTCGTTCGCTCATCTCTCGTGATTTA"
"23","1735_20_41206323_G_T_14482.s1","GRCh37",20,41206322,41206323,"CAGGCCATTACCAAGGAAGAGTATA","CCTCCTAATGGGAATTCACACACA","59.485","60.127",20,42577102,42578007,906,"99.9% (1 x 2)","CAGGCCATTACCAAGGAAGAGTATATAGAGGCAGTTAAAAATAAAAGTAGATAGGTCAGGTTAATGTCAACAATCGCTATAACAGAACAGTAAAGAAACATCAGGCTCTTTACAAAATTGGATCACAGAAGCATAATATGGTTTGCAAGGAAATCAACTAGCATTAAAAAGATTCACTCCCCCAAAATGGCCATGCAGGTGCCAGTTTTGGCCACACCTCTGCACAAGGCGGATGAGCAAACCTGGTGGGAGGGATACATCGCAGAAGCCAGCATGAAAGGACCACCAGGCTGTGCTGCAGGCTCTTCCAAGGGAGGGGCTAAGGGGACACAGACGGAGACCCAGGCATGCAGGTTTGAGAACACTGGAAGGAGTGAAACCTGTTGTTTCTCTCCTGACCTGGATGCAACAGAGTAAATAAGATGATACTGCAGACTGGGGATGTTTAGCTCCTCTCTTAATGAAACTGCTTCAAAGAGGTCGGGGGAGTATTCCCTTGGCAGTGATTGTGGTTAAACTGGGCTAACGGTGACTGCCTAGACTGCTTTCTCCATCTAGTTCGGCCACCACAGAGGGTCAGGGCTACCCAGACTACCGGCCAGGGAGGAAGGAGATCAACAGCACGGAGATGTGTGTGTCTCAAATTAAAAATGGTCTGGCCAGATGCAGGCACTGGCATGCTCAGGGAGAAGCAGTCTAACCAAACAAGAGAAAAACCTTCAGACCTGAGCAAGGCTGTGTGTGTGTGTGTGTGTGTGTGTGTGTGTACAGGCATACCCAGTCTAACCAAACAAGAGAAAAACCTTCAGACCTGAGCGAGGCTGTGTGTGTGTGTGTGTGTGTGTGTGTGTGTGTGTGTGTGTGTGTGTAGGCATACCCACATGTGTGTGAATTCCCATTAGGAGG"
"24","1755_11_45868567_G_A_14511.s1","GRCh37",11,45868566,45868567,"CAGTGTCCTCCACATCTCTGAAC","CCGCAACTCCACCCTTAGTC","60.186","59.968",11,45846498,45847404,907,"99.8% (1 x 2)","CAGTGTCCTCCACATCTCTGAACCCTACCCGGAATCCAGTACAGTGCTTTGCACACACTGGATCTACTAAACAGACTAAAAGAAAATAAATTCATCTGATGGCATAATTACTATCTCAATTCAAGTCCCCCACATTCCCAGTCCTTACTCCCAAATCCTCTACTGCTGCATATTAGGGCACTCCTTCCCCGTCCTTAGACTCTGCCACTTGGAATTACCAAGGATCTTCGCACAAAGAGAAGTATAGCTTCGTGGATAAAAGCAGAAATTTCGAAATCAGAATAATCTGGGTGAAATCCTCTTAGCAGCTTTATGATATTGAATAAGTCACTCAACCTGCGGCACCCTCCGTTTTCTTCATCTGTGAAACGAAAACAACAGCAGCTTTTTCACTGGGGTTCGCTAAATGAATGTAACTGGGCTGAGTTGAGAATAGTAAATGAGACCGTCTACGTAAGGAGATGATCATGTCTCTTGCCATATAAAGTGCACTTAATAAATGGCAGCTGTAGTAGAATGATGTAGATGGTGATGGTGACGATGTTGGTGATAATAGGAAGGTCAGCTGTCAGTCTTGCAAGTCACTGGCTGTAGTCACAGCAACCCCTACCAGCCCAGGCAGCTTCTTCTAGAAGCAGGCCCTGAACAGGACGTGGGTAAGAGATCCGCTGTCCCTTGAGACTTGGCCTACTCCCGGCACTCCGCGGACAGCCCCAGCCTGCGGACAGCCCCAGCCTGCGTCACTTGTCCGCATGCCAGCTCCACCCGGGCGGACCCACACATGGTAGGAACGTGAGGGGGCGGGCCTGTTCCGGCGCCTCTGGGCCAATCGCCAGGTGGAAGGCACTCAGCCAATGGCAGAGGGGCTCTGGGGCCCTGTGGGCGGGGACTAAGGGTGGAGTTGCGG"
"25","1785_13_30082402_G_C_14648.s1","GRCh37",13,30082401,30082402,"CAGCCACACCAAGAGCCAAA","CGTGCCTATGATCTGGAATATGTGA","60.68","60.131",13,29507794,29508701,908,"99.9% (1 x 2)","CAGCCACACCAAGAGCCAAAAAGCTGTTCCCCTCATCAGCAAACATACTGCCTGTTTCATTCCTGAAGACTTTTCCTCACGTTGTGTTTTTTAAATGGCTGTATTTATGGCTGAGTGGACAGGCTTAATTTGGTAAAACTGAACTGTTCCCTTTGAACAGGGGTTGATGGGATTATCTGTAGTTGGTTCCAGCCCTCCCTGCTGCAGCCTCAGACCCTGCCCAGGTCTGTGTGGTGTAAGGGCTGGGCTGAAGTTGGAAGCCAGGCCAGCACCCCAGGCCATGGCTCCACAGGCTTCCTTGTTGCTGCGAATGCCATTTGGAGGCAGCTTTTGAATGACCAGAGGTGCTTCATAACCAAAATGTGCAAGGGAAAACTTTCTCCAGGTGGTACCCCTCAAGCCTACAGCCTGGCATCGCCCCACAGGACCTTGAGGAGCCACCGGTCAGGATTTTCGAAGAGAGTGCTGAAAGACTTGGCATGGCCTTTTCAAGCTGTCTGTGCGGCACCAAGCAGTAGCCACTAGGTGGCAGTGTGGCGCTGCAGGAACTGGGGTCCACCTTGCACTTGGCTCAAAGTCATCCTTAGGGACCAGAGGACACATACAAAAATCCAGGAACAAGGCATGCCCCATGCTTATTTCCCAGTTCTGGAATCTATCAGGCTCTCTGGGCTGCTTTGCGAAGCTGGCCCCTTTTGTGAATCAGGTTCTGCAGCAGCAGAACCTCCCGCAGTAATTACACTGGGCCAGAAACCACGCCCAACCTGTGTCCCAGGGGCACGCTGCACGAGCTTGCTTACCCACCACGCAAGCTCTGTGGTCTGGCTTTCTGTGTGGCCAAGGAACACGAAATGTGCATGATGCTTTCAGGTGCAGACGCTCATCACATATTCCAGATCATAGGCACG"
"26","1805_7_70719409_G_A_14678.s1","GRCh37",7,70719408,70719409,"CAGTACCATGAATTGTTCTGGCATT","GGCTTTCATGTCACCCTTTATATGC","59.669","60.074",7,71253853,71254777,925,"99.9% (1 x 2)","CAGTACCATGAATTGTTCTGGCATTCCCCAGGGCGAGTTGTTGAGGGAAAGAGTCAAATTCTGTAAGATATTTGAAGAGATTTGTTCTGAGTCAAATGAGAGGACCATGACTCTTGACACAGTCCTGGGAGGTCCTGAGAACATGTGCCCCAGGAGGTCTGGTTACAACTTGGTTTTATATGTTTCAGGGAGACATAAGACATCAATCAGTGCATGGAAGGTGTGCATTGGCACTGTCCTGAAAGGCAGGACCACTCAAAGCTGAGGAGAGCTTCCAGGTCATAGGTAGATTCAAACATTTTCCAACTGACAATTGGTTGAAAGAGTTAAGTTATTATCTGGAGACCTAGAATCAATAGAAAGGAGCATTTGGGTTATGATAGATTCTTGTGGAGGTCAAGGTTTTTATCATGCAGATGAAGCCTCCAGGCAGCAGGCTTCAGAGCTCTTATTGGACATAAAAGGGTGCCAGACTCTTACTTAATTCTCTCCTGGATCAGGAAAAAGACCTGGGAAGGGAAGAGGATTCTCTACAGAATGTAGATTTTCCCTACAAGAGATAGCTTTGCAGTGCCGTTTCAAAATATGTCAAGGAAATATATTTTGGGGTAAAATACTTGGATTTCTTTCAGGGCCTCCCATCTATCATGTTGGTATCTTACTGCTGCAAAGAATCTTTTTTGTCAGTCTTCAGATCTCTGTTTTACTTTTAATGCTGGTCACCTGTGCCTTCCCAAAGGAGGAGAGTGTAAGAAGGCATGTCTGACCACCTAATTCCCATCATGGTCTCACCTAGTTTTTCAGGTTTCTTTGGAATGCCCTTGGCCAAGAAGGGGGTCCATCAATCAGTTGGGGGGCTTAGATTTGATTTTTGATTTACAGAGTGTACCCCACTTTTGAGCATATAAAGGGTGACATGAAAGCC"
"27","1813_6_89089285_G_A_11006.p1","GRCh37",6,89089284,89089285,"CATCGCTAAAGAACCAAAGGCAAAG","TTCTTCCAGCATTGGGAATGTAACT","60.923","60.307",6,88379208,88380115,908,"99.9% (1 x 2)","CATCGCTAAAGAACCAAAGGCAAAGACAGGATTCGTACATCCTAAACTCCCTGTTCTGGATTCTCGGTGGATGTAAGAATATCAAAAGTTACATTGCATTTTCCACAGTGGAGAAATATAATTTAACAAAAGCACCGTGAGTGGTACATAAACTCTTTAGTAGCTGGTTAAAAGGTTAAAGGAAAGGAGAGTAAATAACTCATCCTTAAGAAGGGAGAAGACTCCCTGATCCTGGTTTTAGAAATTGATCCCTAGTTCAAGCACAAAGCAATGACGGGGAAAAAAACTGACCACAAATATTGTTTTCTCCCCATTATGTCTCACTCCAGCCTGCATAATTAGTTGGAGAAAGTTTCACGTCTGATAGCCCCACTCTCAGTCCATGTCTGCAAAATTACGACTGTGTTGTGGTTTCTTAGCTCCGAAGACTCCATGGGCATTTAGCAGGAAGGCCACATCTCTCATTCAGCAAGGTGGCAGGTTTTGCGGGGGTTCTGGGGAGTTTGTGATTGCTGCTTCGTGTGCACAGAGTGAGAATTGCTCTTTGAAGCACATCCATAATTTCAAAGTGAAAAGCAGTCTTTGAGAAAAGTGCCTGTGATAGGTAGTCTCCTAATAACAGTAGAAAATTATTTCCACAGCATTTGGGACTCTAACAACCCTGGTGACATCTCCTCCCAGTTCAGCAGTCACCATTCCTCTTTGGGATTACAAAAAGGTGATAGCACGCCTGGGCCTCATTATAACAAGACTCCAGGGGGTGTGGAAAGAGCTTTTCTCCAGTCTAAAATAATTGTGTCAGCTGTAAAAACTGTGTACTGACCCCCTTTGTATCAAAGATCATATTGTGATGAAGAGGCATCTTTCTTTCTTTCTTCCTTGTAGTTACATTCCCAATGCTGGAAGAA"
"28","185_20_42529007_T_G_11990.p1","GRCh37",20,42529006,42529007,"CAGTCATCCAATTTGCAACGAGTTC","GACGATTTCTTTCAACTGACAGCTT","60.919","59.848",20,43899839,43900741,903,"100% (1 x 2)","CAGTCATCCAATTTGCAACGAGTTCCCTTTAGTACATGGAAAGTATCCTCCGGAACTTGTTTGCAGGAAACAACGCAATGCATGAAAGCCCACTTTGAGATGTTAATTACCTATTTGGTTCATTTATTCAAAATTTTTTTTTATTTACTCTGAGTCACACTGTGCTAGGCACTGGGAACAGTTGGAATACTCACCACACCCATTCATTTATAAATTTTAAGACAATGTGAAAATGCTTAGATTTAAAATGGAAAACCATAAATGACAAGGTTTCTCTGCCAAGTCTACTCAACTGCCTTTCACCAAGGTCAGAGAACTCCAGGGTGTGGGTTTCCTCCTAAATTTACTGAGGCTGCCATGGGCCAGGCAGCACGCTGGTCTCTGGGGTTAGAGTACTGACTATCCTCATGCGTTTATTAATTTAAAATGAGGCCCAAACACAGGGTCACACAGTGTCCAAAATGAAATAACCTTTGGACCGACACAGCTTGTTTCAAAACAGCTGAGATCCGTTGCCTTTTTGGCATTTGATTTTTGGTGCTGGGCCAAAAAAAAAAAAAAAAAAAAAAAAAAAAAAACCCAAAAAAACGGGGAGGTGTATCTAGGAGGGGATCATAAATGCAGCTATTTAATCTGCTGTCACTTTGTAAGAGCCCCATTGAATTTTTGATGGGAAAAATGTTTTTGCCCGGGTTGAGCTTCAGGACAAAGAAGAAATGCAAGGAACAGAGAGCAGAATTGATAGTGTTTAAAAATATGTTAAAAGATCTTATACTTTGTAACAAAGTTGGTAAGCTACAATGGAAGAATTCCTGACACAGCAGAGGCCTGGCCAAACCCCTCCCCTGGGGGCCCCGGGAATAAAAGCTTCCTCCTCCAAGCTGTCAGTTGAAAGAAATCGTC"
"29","1986_3_187825485_G_A_12041.p1","GRCh37",3,187825484,187825485,"CAGCTATGCTTTGTCCAAGTGAATG","AAAGTTTCAAAGCAAGGGCCAAAC","60.472","60.965",3,188107117,188108023,907,"99.9% (1 x 2)","CAGCTATGCTTTGTCCAAGTGAATGGATAAATTCTCACTCATCCTCTTAGAGGAAAACTGGTAACAAATGCTCCTTTCCAAGCCAGTTTTTTAAGACCCCAAGCCAGCTTTGGACCACGGCTTCAGTAGATGTTTGTGTGTGGATTTAGGATGATCCACTCTTAACTGTTACTTGCTACAGTGTTGCTCTCCTCCCTGTCTTCGCTCAGCGTGTAGAACGGTAAGTTAACTACGATACTACTTCCACCTCTGTCCTGCATCCCCACAGCCTCAGCTTTAGACTACCGCTGCTCACCAGACTGATGCCAGAATCTGGTGGGAAGGAAAGCCTGGGAACCCTCTCTGTGATGCTAATTTGGGCAAAGCACTCCCCCACTCCTGCTGTAAGGTAGGTCACCTGCCCATCACCTACTCCACTTTCTGCTCCTCCTCAGAGCGGCAGGAAAGAAAGAGGTCGTGGCCCTCCTCAGCTAGTTCTAGCTAAAGAGATCAGAAACGCCTTTGGAAGCTGAGGGGCGGTGAAAAAAAAAAGGGCAAGCTCTTTTCTTTGGAAGGATCCTCAGAGGAAATGCAGCTTGACGTTTGACACGGGAGTGTGGAGCAGTAATAAAGAGATGAAAGGTGAAATGATCAGTCCGGTCTTCAACTACATGCTTCATCTCTAGATCCAGTTCCCTCCAGTGGCAACCCAACGCTGTCTTTTTCTCTCCCCCTCATTTCTCTTTTTTTCCCTGAAACACATCTTAGAAAGAGAAAGACTTTCTAATGAGGCAAGACAAGCAGGACATTAGCCCCTAGCACCAATTTTAGCACAGGCAGTTGAAAGCATCCTAGTTAGTCAGTGAATGCTACCTGCAGGGCCCATCTGCTTGCCTTTTGAAATGTTTGGCCCTTGCTTTGAAACTTT"
"30","2160_1_95089172_C_T_13063.p1","GRCh37",1,95089171,95089172,"CAGCTCTCCTAACAGAACTTTCCTT","GATTGCTTTGTCAAGAAGGGAAACA","60.073","60.016",1,94623207,94624107,901,"99.9% (1 x 2)","CAGCTCTCCTAACAGAACTTTCCTTATGAAAATATGTAAGCACTCAGGGAAATAGGTTTGAATTAACTTTACATACACACAGTGAGGTTTCCTCAGTCCATACATGGCCTCAGCACAGGCTCAGAGCATCACCTGTACAATTCCTGCACTGACCGACACAGGTTTAGCTGGTAGCAGGGACAGGTGCTGGGTGGGAAGCTCTCAGTTCCTGCTTTTCACCCCCATCTAAGTGTTCTCTGAGACCAGGGATTGATCCTGGCTCACCTGGAGTGTGCTCCACAGTCTGAGGATTTGGGAGGGTTTCTGTGTTCATGCCTACCTGGCAGGCAGAGGTTTCTGTGACCTAAAAGCTGTCTGTGGGAGCCTGTCTGGCTCTTGTGAGCCTGCTTCCTGGGAGCAGCCCCAGCCTCCCTGTGTGTCTCATGCCCCCTGGACTCAACAGGGGCTTGGAAGATCCTGAGGCTGCATCAGGGTCCTTGGCCAAAATTCACACTGGAAGTTACTCTGCCTGACTCCTAGGTGCCAAGGAGTCTATTAATACTTATGAGCTGTTCATTAGCATTGGGAGAAATCAGCCCAAACTCTGGCGGGAAGGGAGGGTGTGTGTTTGTCTAAATAGTTTGGCGCTTGGTCAGCCGCCCTCCTGTTTGTGAAATCTGTGAGGCCCCTCACCACAGCCTGGGGCTGGAAGCAGGCCTCCAGTCGAGCTGGCAGCAACCCCAGCCCCCTAGGTTCTGGCCACAGCGAAGAGAACATTCAGGTTCGAGCCCCCTTCATCCTCAGGCCGGGAGGAGATTGAAGTCTCTGACATGTCTTTTCAACTCCTTCCATTTAATTGTTAATTAGGAGAGAGCAGAGGGAAGAAGGAAAGGTAAATGTTTCCCTTCTTGACAAAGCAATC"
"31","2180_2_144146072_T_C_13175.p1","GRCh37",2,144146071,144146072,"catgcacatacacacacaagcaAAT","CACTGGCCTTTGTGAAGATTCTGA","60.87","60.848",2,143387934,143388829,896,"100% (1 x 2)","CATGCACATACACACACAAGCAAATGATATTTAGAAGATCTCTTAAACAGGCCCACTGAAATGCCTCAAAGACTACCTAATGCTTTCCCTTTTCTTTCTAAAATGTTATTAACTCATATCAACACTACTAAATACTGCTAATATTCCACTTTTTGGTATGCCTATGTTACTGTGCACCTGACAGTTAAGTGAGGTACTTAAAAAGAAAACTATTTGTTTCCAAAATTATTCACGTTATTTGTAATTAATATACAAATACATCATTTAATTAAATATTACATGAACTTATGAAATAACAGTGTTCAAAGAAGCTGTCATTTGTATGAAAACCAAAGGTGAATGCTTTGCAAGACTTGATAAATAAGTTGCTAAAAGAATTTTTCCCAAATTAGATATGAGCAAGACAACTGTGAAAAGCTGCAAAAGAAATCTTAAAAATCCAGAAGGATTCTGTACTTGGTTTACTTTGTATGTATCACTGAATTGGCACTCTAACGAAATCAAAAGTAGAAATTATGTGATACACTACAGATGGGTTTATGGGAGAGAGACAGCACAAACCCCCAAACTTGGGCCTTCAGACAAAGAAAGGCTTTGGCCCTACATAAGAGTGTTGCCAACTAAATATGTATTTGCTCTAAACTTAATAGGCTTAGGGAGGCATCGTGTATGTATAAACTATACATACATACATACATATGTGTTTATACATACACAATGCCTATAATGATTCTTCACTTAATTTTTCAAATTTCTCATCAAGTATTGGTCTTAATTGTTCCTTTTAAGAGTGCTTCTGTAAGTATTAAATCTAACTTATATATTCCATTAATTTGTAATTTAATTGCGTGTCCAATGTACAGCAGTAACAATCAGAATCTTCACAAAGGCCAGTG"
"32","22_1_57343835_C_T_11194.p1","GRCh37",1,57343834,57343835,"CAGCCCTCATTCATTATGGTTAATTGC","gacggagtgcaGGTAAGAGAA","60.777","59.029",1,56877816,56878740,925,"99.8% (1 x 2)","CAGCCCTCATTCATTATGGTTAATTGCTCTGAGATCAGAGCCCACCTACTTGATGGAATTGAACTCTGTAAGTGCATGTAGATATACACATATAAAAAGATGAGAAAATTCTGTTTTCTTTCATACCAGCAGTATTAGTTTGCTGGGATTGCCATAACAAAACACCACATCCTGAGTGGCTTAAACAGCAGAAATTTACTTTCTCACAATTCTGGAGACTAGAAGTCTGAAGTCAGGGTGTCAGCAGAGTGGTTTCTTCTGAGGCCTCTCTCCCTGGCTTGTTGATGGCTGCCTTCTTCCTGTGTCTGCACATGTTCTTCCCTCGTACATATCTGTGTCCTAATTTCCCCTTCCTGTAAGAACACCACTCACATTGGATAACAGCCCACCATAATGACCTCATTGCAGCTTAATTACCCCATTAAGGACTCCGTCTCCAAATATACTCACACTCTGAGGCTTTGGGAGTTACAATTTCAACACATGAATGTTGGGGACATGTAATCCAGCCCGTAACATCAATAAAAGGGGATTCTTGTTGATTTCAAAAGTGACTATAGAGTAAACAATAGAAGTGTGAAATATTGACATGTTGAAATGAAAAATAATCCCTTCCTTATTGGCAGAACATGGATCTTCTCCCACGTGATTTAACTAGAAACATTTCAAATACGCTTTCTGAACAGTGTGCTTCACCCACACTGAATACTGAAACTGGTAAAATGGTCCTGCTCCACTCCAGCCACTGATGTTTGATGGTTCTTCTATTTATCTCAGATCTCAAAGGCCTTCCTTTCTTGCTCTTATTTTTTTTCTAATTTAAGCATTTCCCAGATTAAAATTTTTATTTATTGTTAGAGAAGTAATACATGTTTGAAATAAAAATTGACAGTTTTCTTCCATCTTCTCTTACCTGCACTCCGTC"
"33","2240_15_92937737_G_A_13508.p1","GRCh37",15,92937736,92937737,"CATCTTCGCAGACATCTCAGAGATC","TCAAGTGCGCACTCCAGGAA","60.641","61.609",15,92394124,92395023,900,"99.9% (1 x 2)","CATCTTCGCAGACATCTCAGAGATCGAAGAAGAAATCGGGTAAATAGCTGCTCCCAGGCCCGTGCCACGAGCCCTGGCGGGATCTCTCCCTCCTTCTGTACTCTCCACCCTCCGACCCCCTTTGTGTGCGCCGCGCCCCGCTGTAGCTCCGCTGGAGAGATGGGGACGGTTTGGCAGAAGGTGGCGGCGACAGGGGCCCGGGACGGTTTGGGGAGAGGAGGGTGGGGGCGCGGCTGCTGTGGGGTGTCCCCGGGCGGGGTTCACGGGAAGCCCCCAGCTGGCCCGCGTCGGGAAGCGGACTCGCCCACCCTGCCCCCCTGCCTGGCGTGTCCAAGCGCAGTGTCGCCGGGGTCGAGGGAGGGCGCCGGGGAGTGTCTCGGGCGGGCGGAGGGGCCGAGAGTGGAGGGAGGCAGGAGTTTCTTTGTCTCCAGCACGGCCGCTTTCTCGCCTTGGCAAAGTGGGCAGGGGGCGCGCAGGGATCTCTGAGCTGGGGGAGGGGTTCCTGGGGCCGGAGCGGAGGGCGGGGTTCTGCATGGGCTACTGGGAAGCGGAATGTCCCCTGCACACACAGACAGGCACACGCGCCTCCCGCCGGCCCGGGAGCCCGGCGTAGGAGCTGGCACCACTAGAGAAGGGCTCGCATAGCTGGACTGAGACCCCCCGCCCTCGCCTGGCTTTGGACGTTCAGCCAAGCCACGGCAACCCCGGCGACCCTGGGTTCCTGTGCGCTCGCAGCGCGGAGACGGAGACATTTCGGGAAAGTCTGTACCGCCGCCCGGTGGGCTTCTGGGCCCTCAGGCGGGCGATCTGGCGCTTTTTTTCTCCCGACCTCGCCAGAGGTAGGGTGGGACCGCGAGCCCGGATCCTCCCGGCTCCGGACTTCCTGGAGTGCGCACTTGA"
"34","2245_17_11148125_C_G_13523.p1","GRCh37",17,11148124,11148125,"CAGTGCTTTGGAAACCATCATATCC","TGAGTCGGACTTGGTACTCATCTAT","60.017","60.189",17,11244278,11245180,903,"99.9% (1 x 2)","CAGTGCTTTGGAAACCATCATATCCGTGCCTGTTGGGTAGGGGACAATGCCTGTCTGTGTGTGGTAGGGGGACAGGGCATGGGGGATCCATCTACGACACTCCATGAATGACCTTGGGCAGGTCAGGGAAACTTATTTTTCAGTTCTGGGTAACTGAAGCACAATGTCCCAACTCAGCTTCTTGCTTCCGGGGCACGTCAGGGTGAGTGTGCAAGTTGATCTCAGACTCCTGGGGGTGAGTGTGACTACACCACTCTTCTCACTTTGCTCACACCTCAGAGACCACCGTTTGCCATTCTGGGGAGTATTTTTGTGTAGACTGTCTTGTTGGGCAATCAAGGTAGGGAAAAGGAGGGAGTGATAGAGACAGAGAAATATTCACACCGTAATGAGTTTTCCTTAGGGAAAGTGGGGAGGAGAAAGAATGTACACTCTCGAGAGGTCAAGAGAGGAAGCGGATGTGCATGCAGTTACATATTCCTTGAAATAGCTCAGCAAAGATGTTTCCTTTCTGAACAAGAAAGACAAACCGGTTTCAGTGTGTGCTTCCCCCTGAAGATGATAGGTGGGCAGACAGGGGCTGAGTCTGAGGGAGTTTCAGTGAGAACAGCCTCATTGGAGAGGGACATTTATGGGAGTGTGAGCAGGGGTGAAGGGAACGGATGGGCCATCTGCATCTGCCTTAGTGCTCCCAGGCTGGACAGCCCTCCGCCTGCCCATGCACACACATTCCTTAGGGTAGGACTTCCTTTCATCTCTCTACTCCTTCAGGGAGGAAGATATTTCATCATTTCCAGAAGTGATTAGACCTTGCTATCGTGTTTCTGAGTGAGAAATCAGTGTCTGTGGGGGAAACCGTCAGCTCTCTTGTGATTCTAATAGATGAGTACCAAGTCCGACTCA"
"35","2264_22_45622844_G_A_13564.p1","GRCh37",22,45622843,45622844,"CAGCTGTTTCCAGACAGTTTCAATA","ctttCTCCAGAGAAGGATGTTCGAT","59.327","59.958",22,45226554,45227466,913,"99.9% (1 x 2)","CAGCTGTTTCCAGACAGTTTCAATATCTCCTAAGCACAATCATCAAGCTGAAACAGTGGTTCCATATTCAAATTCCTGTTTTCTGTGAGATCATCCTCACAGGGGCCTTATCCAAGATCCTAACTCACTGCTCTGCTCAGACACAGAAAATGGCCTCCTACATGACCAGCTGACCGACCGACCGACCACTTCCTGAGTAATTTCTCAAGCTTCTCCTGACACTCACGCAAAGGTGCCCCATCTCAGCCAAGAGCCAGCACTGCCAGCTTCCCCGCCCTTTCCTCCACTGCCTGGGCTTGAGGCCACCCAGCCACTGCCCAGTCATCATTCCACCTCCTCCCGCCTCCATGCCAGCATGCTCTATGGCACGAGGAAGTCACAGAACCCTTGAACCTTGAGGCCCACCCACGCCCCCAGCTCACGATATCTGCAGAGATGCCAAACCCTGGCAGAGGAACTCAGGCCATGTGCTTCAGCTGCTCCCTCACTCCTCCACTCCCTGCCCGGGCCCTGAGCCAGGAGCCAGGCACACAGCTGGACCCATCCGCCAATGCCACCCACCCTTGTGCCCAGCACCCGGCCCACGGCAGGTGCTCAGTGTGCAGGCCCACATGTACTAGGTGCAAGGCAACGACACACCACACAGGACAAGGATGCAAAGCACCTTCTGGGCCCTTCTGCGGCTCTGCCTTCCCAGGGGTCTCAGTCCCCTGCTCGATCTCATGCTCTCCGCAGGCAACGTCCTTGGAAATGCCCACTCCCACACCAACCCTCATTCCTAGCCCTCCTCTACTCTGACTTCTGAGACCCACTGCATTGTGAAAACCAGGGGGCTGGGCTCTGCCTCGTACACTATGCCAGGACAGGCCCACCCAGGAAAAAAAGGGCATCGAACATCCTTCTCTGGAGAAAG"
"36","2274_15_61994906_T_A_13568.p1","GRCh37",15,61994905,61994906,"CAGGAAGTTGAACACAAATCAAGCT","CTATCTGCCTTTGATCCCAAACCTA","60.017","59.955",15,61702187,61703088,902,"99.9% (1 x 2)","CAGGAAGTTGAACACAAATCAAGCTTTAAGAACCACTAGATAAAACCAGGATCTTTTCCTTTTCTTCTCAGTTAGCATAGCAGGGGTTGGCTGTAGCTGGGAGCCTATGTCATCAATGCTGCTCTGCTGCTCTCCCTAAGATATCTAGGGATTCCAGGGAAGACACAATCTGCGATGTCAGCATCAGCTGTCTCCTGTGATGCAGCAGACAGAAGGCAGACAGGCAGAGACAGCCATCCAAATAACACTGGTCCCCTGGGTGGCTCAACTGGATGACATTTAGGGTCTTTTCAACACTGCAATTCTACACAACTATGCCTCCTGACTAAAAGGACAGGATGTACCACTTACTCATCAAACATGTACAAGAACATCCTCCACCATGGCACACTGCTTCCAAAATGGCAGGAAGCAACCTCAAAGCAGCGATTGTAGTTAATATGTGTTTTATGTCCTTTTGGCTTGAGTATGAAGCACACAGGTGTGGGGAGAGATTACCCCTGCCAGCCACAGGGGCCCATCCTGGCCCCAGAGGTGCAGTTGCTGCTTGTCACCTGCAATAGGTGCTCTAAGCATGTCTTTGAAGGAGAAATTTGGCTCATGCCACGAATGTATTTGCTTGCCTGACTAAAGAAAACAGGTGTGTAACCACCTCATATAAGGGAAATTGCTGCTCCATGGGCCATGTGATGAGCAAGCTGGAGCAGGTGTGCAGCCTGGCAGGCAGACCCCATACATGCTCCCAGAAAGATACTGGGCAACAACTGCAGCATGGTAACTGGCTGTTCCTTTGTGCTTGCCTCACAAGCCATGAGGCTGAGAACATGCCAAAATCCTTGCTACTCCCACATGAGACAGAACTGCACGCAGCAGCCAGTAGGTTTGGGATCAAAGGCAGATAG"
"37","2392_9_16356304_A_G_14058.p1","GRCh37",9,16356303,16356304,"CAGTGACTAGAGGCAAACTGGTT","ccctgctTCAAGCTCTGGTT","60.061","59.82",9,16355722,16356633,912,"99.9% (1 x 2)","CAGTGACTAGAGGCAAACTGGTTCCCTGTTCCTCCAGACCAATCTTAAATCCAAGGAACATCGCCTGCCATCAGTCCCCCGCCCCTTCCTCACCTCAACTTAATGAACAAATAAGGAAAGAAAATTAAAGCAAAAAAAATTAAACAGCTTCAGCTAAGATCAATAGAATTCTATAAAGCTCTGGGCTATGGTATTGAGTGAGCGCAGAGTAATCCCCTGCATATTGCATGTTAAGTTAACTTGTGAGAGAAATATGCTCTTTCTCAGCCTCGCACCTTCTCCTCCATGGTGAAGGAGGAAGCAGGGAACACAAATTAAAATAATGTTGATTTAGTTTTTAAAGGGAGTACCCAGGAGCATTTTCTGCATGGCCAACTGAAAACTCCAGCCCAGGCTGCAGAACGCCTCTCTCTGCACAATACAAAGAGAATATTTGATCCCCAGAGCTCAGCCTGCTGGTGGATTTTTATTTTGGTTTTGGTTTTTGTTTCTTTTATGCCTTCCTCTGGATCTCAAACTTTTAAATGCCGACTGGAAAATTCCTTTTTCAGCAAAAGGTCCTTGCTCCACTCCAGTGTGACTGTAGGGAATCATTAGTCCTAACACATAGCAGTGTGTGATCAGGGCACACCGCGCCAGGGAAGCAGGTGGGGAAGAACAGGCATGATGTGGGTCCCTGTGTCTTGTCATTGGCTTGGCTTCTCCTAGGTGAGGGAGAACTCAGGGAACCAGGTCATCGGGTTTGCTCCTGGCAATTTAGCCACCTCTTCAGGTCCTGCAGACACTCGCCTAAATTCCAACCAGGGAGCAAGCATCAGAAACCATTCATGCCCACTCGATCAGTCCTTCTGAAAGACAGGCAGCCAAGAGGCAGCCGAGCCTGGTGCCAGGCAACCAGAGCTTGAAGCAGGG"
"38","2403_1_108078907_A_G_14139.p1","GRCh37",1,108078906,108078907,"CAGCTAGCTAAGGAGAACTCACAAT","GTGATTCTTTGCTTGCTGGATGATC","59.958","60.529",1,107535765,107536665,901,"99.9% (1 x 2)","CAGCTAGCTAAGGAGAACTCACAATTACAGTTTCTGCCCGAAGTCACCCCTTGGCCCCTAGGACTCCCTACCCTTCTCTCGCTTTTTGCAAAAACAAAAACAAAAACAAAACAAACAAAAAACAACAACATAAAAACATCTGGCTGGACACAGAAGTGCTCCCTACAGCTTTCCCCCTGACCTGGTGAAAGTGGGCCCCCTGATTTCCCCCACTATGCAGCACCCCACAGCAAGCCCACCTCCTGAGCAGAAGCCCAGAGGGTGCCTCTGAGTTCAGCACAGCTGCTGCAACCTGCCTTATCTGACATTTGCCTCCTGAATTTAGGGTGCCCAATTTAGCAAATAAAAATACAAAACACCCAGTTAAGTTTTATATAAACAACAAGTAATTGTTTAGTGTATGTTTCAAATATTCATTGCTTGCCTGAAATTTAAATTTAACCATGTTTTCTGTATTTTGTCTGGTACCTAGTCCTGACCAGGTCTTTGCTTGTTTGTTGTCAGATGTGACTATCTAACTACACTCCCACTTTGGACATACACTCATATTTGCACTCCAAACACAAGCAGGCCCATGGTGAATGCTCAATAAACTTAATGCTCTTCCCACCCTTACCTGTCTGCTTCACTTGAAAGTCTCTAACCACAGTCCTGTTCTTACTTGTCTGACCAACTTCTAGCCTCAGTTTTATATGCCTGATAATTTACACTGGGCACCAGCCCAGCCCAACCCCATAACAAACCACGCCATTGGCTCCATACCAGCTGTTTCTGTTGCCAGAATGGGTGCCGGTTTTGCTTATGCACTAAAACATAAAGATAATAACTTAGCCCTTTCCATTTCATGTCCTCGTTTTCATTTCCCTCTAAAAGAGTGATCATCCAGCAAGCAAAGAATCAC"
"39","2414_1_147722160_G_A_14142.p1","GRCh37",1,147722159,147722160,"CATCATTGGAGCCAACAGAATCC","GGACATTCTCCTTCCAGGCATATAA","59.501","59.778",1,148249324,148250230,907,"99.8% (1 x 2)","CATCATTGGAGCCAACAGAATCCGGCACCTAACAGGCCCCTGGTGCAGACCTGGATCTTTAGAGCTATTGGCTCTTGTTCCCGCAGTTCTTCTGTTTTCATGAGCAGAAACTGAGCAATTTTGCTTTAAAATACTAAGTATGGTCATTGGACAAGTCCTTCCCTTCTCTCTCTCTCTCTCTCTCATGTTTGCATCATTGTTTTCTGCCATCAGTGGCATCAGTGTAGATTTCTGGTAAATGTTATGGAGTGAATTTCTCAGGACACTCTCTGTTGTGTGGTGTTTGGCAAGAATCCATCCGTTTGGTGATACCTGACAGCTAATCTAGTCTGTGAGTCTTTTTTGATTGTTTATTCATTGTCCTGAGGATAATTGTATTTCCTGATATTTGAGACTGCAGCAAATGGGAAGTTGCTCATATCTCATCTTTCCAATGTTTGGTAAAAATTTTATGGGCCCAGTAGCTGTCAATATCTGCAAGAGTGGCATCTCTATTATAAAGATGATCTTACTACTCAATGCCCCTCACCCCCAACCAAATTTCATTCCGTAGGAGCTCTTGGCCGTAACAAATTAATAGACCTAAAGGAGATCTTAGCACAGGAAGAAAACTGAATCTGCAGCATGTAAGGAACAGTTTTCTTTGATTCATATATTCAGGTTTCTAACTAGCTGAAAAATTCAAATATATGCTCTTTAAGGATGAAGTTTAAATCACACTACAGAAAGGAGAAAAAAAGAGTGATATGATCACAAGTAAGCAATGGAATCAGCAATTTGAGCACTTCTCACAACTACACAAATCAAATTTAACAATCTCTAGAACAGTAAGGAAGTTCAGCCCTTAATGAAAATGGATGAAAAGAAATTATTCATTCACTTTTATATGCCTGGAAGGAGAATGTCC"
"40","2414_1_147722160_G_A_14142.p1","GRCh37",1,147722159,147722160,"CATCATTGGAGCCAACAGAATCC","GGACATTCTCCTTCCAGGCATATAA","59.501","59.778",1,146483167,146484075,909,"99.8% (2 x 1)","ACATTCTCCTTCCAGGCATATAAAAGTGAATGAATAATTTCTTTTCATCCATTTTCATTAAGGGCTGAACTTCCTTACTGTTCTAGAGATTGTTAAATTTGATTTGTGTAGTTGTGAGAAGTGCTCAAATTGCTGATTCCATTGCTTACTTGTGATCATATCACTCTTTTTTTCTCCTTTCTGTAGTGTGATTTAAACTTCATCCTTAAAGGGCATATATTTGAATTTTTCAGCTAGTTAGAAACCTGAATATATGAATCAAAGAAAACTGTTCCTTACATGCTGCAGATTCAGTTTTCTTCCTGTGCTAAGATCTCCTTTAGGTCTATTAATTTGTTATGGCCAAGAGCTCCTACGGAATGAAATTTGGTTGGGGGTGAGGGGCATTGAGTAGTAAGATCATCTTTATAATAGAGATGCCACTCTTGCAGATATTGACAGCTACTGGGCCCATAAAATTTTTACCAAACATTGGAAAGATGAGATATGAGCAACTTCCCATTTGCTGCAGTCTCAAATATCAGGAAATACAATTATCCTCAGGACAATGAATAAACAATCAAAAAAGACTCACAGACTAGATTAGCTGTCAGGTATCACCAAACGGATGGATTCTTGCCAAACACCACCCAACAGAGAGTGTCCTGAGAAATTCACTCCATAATATTTACCAGAAATCTACACTGATGCCACTGATGGCAGAAAACAATGATGCAAACATGAGAGAGAGAGAGAGAGAGAGAAGGAAAGGACTTGTCCAATGACCATACTTAGTATTTTAAAGCAAAATTGCTCAGTTTCTGCTCATGAAAACAGAAGAACTGCGGGAACAAGAGCCAATAGCTCTAAGGATCCAGGTCTGCACCAGGGGCCTGTTAGGTGCCGGATTCTGTTGGCTCCAATGATGGG"
"41","2435_10_22518528_C_T_14242.p1","GRCh37",10,22518527,22518528,"CAGCTTGAACTTGACACTGTTGAAA","TAAATCACGAGAGATGAGCGAACGA","60.189","61.719",10,22229062,22229968,907,"100% (1 x 2)","CAGCTTGAACTTGACACTGTTGAAATACATGCATTTCGGTGGCCCCGTTACATTTCACGCGTCACGAAGCCGAGCAAGACCAGCCCGGGCCGCCTTCCCCGTGTACGCGCGGGCCTCCGGGGACGCGCAGAGCTGGAGCGGCGGGCGCGCGCGGCAAACGGGCCCGCGCGGCCTCTGCGCGTCCCCGCTCCAGCACCCTGGCGAGGCCTAGACCGCCGTGAAGACCCCGGGGAAGGAGTGGCCGCGCTCACCTGCAGCCGGGAGAGGACAGCGGGGGAGAGGAGGCCGCTCTGCACCGGCCGAAAGCGAAGGGCTCGCCGGCTGGCCGCGTAGTGTAAGGGTCGGTGGTTTCTTTGCTTGGTCCCTGGAAATCCACCCCTTCTTATCCCGGAGGCCTGAACTCGATTTCTGCAAAACTTCCCGCGACCAGCTCATAAAAGGAGAGCGCGTCCCTGGGTGGGCTCGAACCACCAACCTTTCGGTTAACAGCCGAACGCGCTAACCGATTGCGCCACAGAGACTTCGGTGTCATTTTCCCCTTCTGCCTCAGCCTTTATGAAGAATAATAAAGGCAGTGTGTGGCTGTTTCTGCTTTCTGATTGGTACTATCAGAACCAAAATATTTTACTTCACGTTTCCAACCCTCTTAATTCTATTTTCCACCTTTTAAGCATATCGCAAAATTATACAACAAAATCAAGCAGCATTGCAGATTGCAAAATGTATTAAAATACTGTTGCTCCCCCCCGCCAACTCCCATTTGGAACGTTGTATTTCAGGAAAATAACTATTTCTTATTAGTTTTCTTTTATGAGAAAATCAAAGCTTTCATCTTGTGAGCTGAGAAACTTTCCCTTTGTTTCGAACAATTTGCCCAGTGCTTCGTTCGCTCATCTCTCGTGATTTA"
"42","2510_3_42589165_G_A_14498.p1","GRCh37",3,42589164,42589165,"CAGAGCTCCAAACTTTACTGTCACT","GCTGTTCATGTTACACAAGCTTCTT","60.534","60.075",3,42547256,42548170,915,"99.9% (1 x 2)","CAGAGCTCCAAACTTTACTGTCACTGGCTCCCTAGAACAAGCCTCAGCTTCTCAACCTGAGCAAAAAAGTGGTTAAAGCAGATGGTGTCTGAAAACTATCAACTACCAAATCCCAGCACCCAATAACTCAGATGTTTATTTTGGAAGTCACTGCCTTCCTCCAAAAGATTCTGATTCAGGACAGATGGTGCAGAGACTCTTGGAGAGTGAATTCCCCAATGTGTTTAGAGGATGGTCAGGAGAGGATAGTGCATTTGCTTTCTTTCTGGGAATTTTATTAGCTGCTATAGGAACAGCCTTTGCTAAAGGCCACCTTCCCTTGGCTGGAAACCTGAGGAGGTGGCCGGCAGCTGCGCCCCCTGGTGGCCATTCTGTGGTCAGGCTGGTCCTGGGAGATGAAACTTCACCTTCACAGTAGACAAGAGCCCAAAACGCGGAGCACGGAAAGTGCCTGCTGCACATAGCAGGGCAGGGGCAGAGCCTGCAAACTGGGGAGGCCTCCCAGCCCCCAGGGCATTGTTGTGACTGCTATTTTGGTTGGGGGTTAGTACTAAAGACTATTTGAGCCCTTGCGCCTGTCTAGGCCTCACTGGACAAGATGACCTGACTTTCACTTCTTTCAACAACCCCCTCCCATTATGTCAGGCCCACATCACACTGTCTAGCAAAGGATCCATAACTCGGAATTTTTCACATAAGTGCAAAGACACATGTTAATAAACACTTTAGATTTATTCTGCCATTTCTGAAGCCACCTCATTTAATTTATACATAGGATATAAATGGCTATACATTTTTACACACTTTTATACAAGTTTAGGTTGTACTACTGAGTTTGTTAAAATGTACCCATTATTTACTCAAAATATTTATTGTTACAAGAAAACCGTAAGAAGCTTGTGTAACATGAACAGC"
"43","2572_14_96534175_T_C_11218.p1","GRCh37",14,96534174,96534175,"CATCAGTTCACAGGGAGATAGGAAA","CAGGGTGCAGTTAAGGGAAAGATT","59.663","60.613",14,96067259,96068166,908,"99.9% (1 x 2)","CATCAGTTCACAGGGAGATAGGAAAGCCAGTGTGGCCACTGCAGGGGACTGGACCTGAACCCATTGCCATCCTTGGGCTCTGGGTGGGACCCCTTTTGAAAGCTTCCACTGAACCAGAAAGATAGCACAGTGGTAAACTGCTTACAAGGGAGGCACTGCAACAAACATGAACATTGCTCTAAAAATTAGTGTGCACTCTGGGAGGCCAAGGGGAGCAGATCACCTCAGGTCGGGAGTTTGAGACCAGCCTGACCAACATGGAGAAACCCCATCTCTACCAAAAATACAAAATTAGCTGGGCGTGGTGGTGGGCACCTATAATCCCAGCTACTCGGGAGGCTGAGGCAGGAGAATCGCTTGAACCCAGGAGGCAGAGGTTGCTGTGAGCGGAGATCAGGCCATTGCACTCCAGTCTGGGCAGCAAGAGTGAAACTCCGCCTAAAAAAAAAAAAAAAATTAGCATGCACTCAGTGTAGGTCCCAGTGTCATTGTGCCTGGTCACACTTGGAGTGCTGTAGGCGTGCCCTCTACCTTCCACCAGCTTAGGTGCTCTTTGAGGGAAGAAAGCAGCCCTCTTTGTCCTGCTCAATGTTAGCATATGCAGGTGGCCACTTATAGGGGTTCCAGAGAGAGTTATGTCTTCTTTACTATGTGTGCCTGTGTCCTCGCCTGTCAAACAAGGGTGACGATAGTACCCACCTCATAGGGTTGCGATAATAAAACCCAATCATGCCTGTAACGTGCTCAGCCCATATCTGGCATATAGCGGGCTCTCAATAAATATTAGCTTTCATTTTTATTTCATCCACCTCATTGTAAATTGAAGACTCTCCAGCATGGAAACATTAGTCAAGGAGAGTGGCAAGTACTGATACCCAGTAGCAAATCTTTCCCTTAACTGCACCCTG"
"44","2620_16_10133442_C_A_11659.p1","GRCh37",16,10133441,10133442,"CAGCAAATTCACTGCGTGTTTACTT","ctggattgcgAGTGTGTACCT","60.809","59.64",16,10039007,10039908,902,"99.8% (1 x 2)","CAGCAAATTCACTGCGTGTTTACTTTAGCTCTTTCCCACATCAGACTGAAACCAGGTCTGCTTCTATTTTGTGCCCCTGACGCTAGCACAGTGCCCGCCCGGCAGGGAGCAGACATCCCCTCCCACCCCCCAATGTCCCCACTGATGTCTGTTGATCAACTAGATGATAGACAGTGAGTGGAAAAGAAAGGCAGAGGGGGGACCCACTCTTGTTCCTTGGTGCCAGGGTTTAAAGAGGTTTGGCTGCATCTAGCGTGTTTTCTCAGATGCTCTCTTGCTCACGACTCAAAGGCGAATGCGAATGTGCATTCGTAGCGGGGGCAGGGATGAACTGCACTCCAAACCTGCACCAAAAACCTGCTCTCTATCCCCAGGGTCTCAGGTAAATGTGGCTTTGTTTAAAAGCGCATTCTCTGGATCTTCTGTTTTCATTTTTAAACTGTAAAAGATAGAGTTGTTTGTTTGAAAATCGAGACGCTAAACTCTAAGTCTTTTGCTGAAGCTCCTCTCCCTAGGGGCAGGATGGGAGCAAGGCTTACCAAGGCTGCCACCTACAGAACAGAGGGCAGCGAGGACTGCGCAGCAGCGGGAGGGACCGGTGGCGTTGGGCGCGGGGAGGGTCTGCGCGGGGAGGGTCCGCACCCGGGAGCGGGGGCGGCTGCTCGCTCTACTCCTGGGAGGGGCCTTTCGAAGGACCAGGTGCTGGGCAGAAGCCCCCTCCCTCCCTCAGCAATGAGGAGCCTGAGCAAATGTGCAAGGGAGGGAGAGGGAGGGGGAGGGGGAGGGGGAGGGGGAGGGGGGGGAGAAAGAGAGAGAGAGAGAGAGAGAGGAGTCCTGGTCCACACCGCTCAGAGGAGGGGTGCGGCAGCCACACACTCACCAGGTACACACTCGCAATCCAG"
"45","2631_2_133931180_C_A_11839.p1","GRCh37",2,133931179,133931180,"CAGGCAGAAGGTTCAGGTTCAG","CCTCTCCTGATTTCCAAATGTCTCA","60.703","60.131",2,133173036,133173936,901,"99.9% (1 x 2)","CAGGCAGAAGGTTCAGGTTCAGGAGCACTGAGGGCTGCATCCTCAAGCCAGGGGCAACCAGTAAAGACTCAGGTGAGATTATGTTTGATCTCTGAGGAGTGCCTGTCTCCTCATTCCCACGAAGATTAAGTAAAGTCTTTAGATTTGGGGATGGCAGGAGGTTGGGGTGGGATATTGCCAGAGACAACTTGATAGTGGTCATATTTTCTGTTCTTTCATATAAAGAGGTAGATTTCAACTCTGGGGGGAGCTGGAAGAAAGAAAATGGCTATGGAAATACTGAGCATCATTCATATAGACAAAAAGTCTCTCCTTGACTGAACTCCACTCAGGTTATTTTGAACTTTTATCAATGAAGCCCTGACTTGTGAACTTTCATGTTCATCTCTCCATTGTTGATTTTGGCAAGAATCCTGCTAAGTCAGTTTAGACAGAATTCCCCAGCCTCCAAATCTGATCATCCTCCACCATCCCCCAGGTGATGATGTCTGATCACCCTGGCCTGTCTTCAGCAAGAATCCTGTTTGGCTGGTTTACCAGAATCCCCCCTTACCACCCACTGGTCCCCCTAACCCTGGCTCCTTTGCTATAAATTCCCACTTTTCCTTGTCGTATTCAGAATTGAGCCTGAATTGAGTTCTATACAGAGGCCTCTTGCTCCCATTGCAATACTCGAGTAAAATCTGTTTTTACTATTTTAACCATGGTCTAGCTCTGGCTTTTCTTTGACAATATCCACATATGACAGATTTACCAAAAATAAAATCTGTTTTTGCCATTTAGTCATGGTCTAGCTCTGGCTTTCTTTGACAATATCCACATATGACAGATTTACCAAAAATCTGGACACTGGGATAGCTATAAACGACAGATATATGAGACATTTGGAAATCAGGAGAGG"
"46","2683_3_113316449_G_A_12788.p1","GRCh37",3,113316448,113316449,"CATCCATCTGCAAAGATGATGGTTT","GGCCAACATGGGATAACAGTATTCT","59.726","60.481",3,113597108,113598028,921,"98.8% (1 x 2)","CATCCATCTGCAAAGATGATGGTTTTCTTCATTTTTTCTTCAACTATTGAAACAAAACGTGACACTAAGTTGGGATAGGTAGGCAATTGGCATAAAAATAAAATTTTGGCTGGGCACGATGGCTCACACCTGTAATCCCAACACTTTGGGAGGCCGAGGCGGGTGGATTGCCTACAGTCAGCAGATTGAGACCATCCTGGCCAACATTGTGAAACCCTGTCTCCACTAAAATACAAAATATTAGCCGCACATGGTGGCATGTACCTGTAGTCCCAGCTACTCAGGAGGCTGAGGCAGGGGAATCACTTGAACCCGGGAGGCAGAGGTTGCAATGAGCCGAGATCATGCCACTGCACTCCAGCCTGGCGACAGAGCGAGACTCCATCTCAAAAAAAAAAAAAAAAAAAAAAAAATCATGCTAGCTAGTTCCCATCATTTCTGGCTCCCTCTTCAGCTTCCAACCTGCTGAGTCTTCAGAGACATAATGGGACAAGGCAACTATAAATATGAAGTCCCTGAAAGACGCAAACATGCTCAAAATGAAATGAAATTTTTCTCCTCACATAAGGCATTTACCATAAAAAGCAAGCGTGCAAGCATATCCTGTTCTATGTCAGTGAAGTAGACAGATGCAGGGGGCTCAAGCTCAGAGAAACACATATCAAAACAAGTTTCCTCATTAAGATGAGATCATTCACAATCGTAAGTGTCTGCTATTTCCAGCCAGAACATCTTGGTCTGTCTTATAAGCTGATATTTTGTGTTGAATTATGCTTTCTATGTACTATACAGTTAAATATAGATATGGCTTGCCTTCCCAGACCATACTTGACGTTTAGAAGGAAATGCCTTGGTTTTTGCATTCTTAAAAGGCTTTAGACATAAGCAAAATGAAAAGAATACTGTTATCCCATGTTGGCC"
"47","2688_17_49448911_A_G_12796.p1","GRCh37",17,49448910,49448911,"CATCTGCTTCTCTGCTTGTCAGT","GAAGAGCTATGGGTTACTGCAAATG","60.434","59.789",17,51371132,51372031,900,"99.9% (1 x 2)","CATCTGCTTCTCTGCTTGTCAGTGGCATGGAGAGATGGCTGCAGGGACTTGCCCCGTATACTAATGCTGGTAGTTCAGAGTGGCTGCATTTGGGGTGACTTTTGACTTTAGTCTTTAAATTCTTCAGTCATGTTTCAATTTTTTTTTTTTTTTTTTTTGAGACAGAGTCTGGCTCTGTCGCCCAGGCTGGAGTGCAGTGGCTCAATCTCAGCTCACTGCAACCTCCGCCTCCTGGGTTCAAGCGATTCTCCTGCCTCAGCCTCCTGAGTAGCTGGGACTACATGTGCGCGCCACAACGCCTGGCTAATTTTTTGTATTTTAGTAGAGACGGGGTTTCACCATTTTGGCCAGGATGGTCTCGATCTCCTGACCTTGTGATCCGCCCACCTTGGCCTCCCAAAGTGCTGGGATTACAGGCATGAGCCACTGCACCCGGCCTAAATTTGTAAATGATGGGCATGTATCATTTTTATAATAGCTAAATAAAAAAACCAGTTGCAGAGAATCCCCAAAGCATATGATTTGGGGAATGGTAAACAGAGAGCAGGACGCTTTTTTTTTTTGGTGGTGGGTGGTGGGGGCAGACAAAGGAACTCTGATTTTGACCATCATCTCGTGGTGCTCTTGGGAGGCTCATCATTGGTTGGGTCCTCCCCCATTGCCTTGTTGTCTCTCTGCCACAAGATGGCAATCACAGCACAAGGATGGATGGGCTTGCAGCCTCCAGGAAGGAACACTAAGCGTCTGTCTTCCAGCTACAGAGAAGTCTCCCTAATGCATAGTTGGGGGAAGGGGCTTTTAGAGAGGGATTGAAAAGCTGACATCCCCTGCTGACCCAAACTCCAGGCAGTCCGGCAGTCATAGTCAGACGCTTCCATTTGCAGTAACCCATAGCTCTTC"
"48","2709_15_49462674_C_G_13130.p1","GRCh37",15,49462673,49462674,"CAGGTTATGACACTGTTCTCTGACA","CTAGGGACTGCCAGCAAATTAATTC","60.074","59.787",15,49169963,49170867,905,"99.9% (1 x 2)","CAGGTTATGACACTGTTCTCTGACATCCACAGGGCGCAAAAAGAAAACCTCACTAGTCAGCTTCGCACGTGCTCTGCGCAGGGGCTCCTGCGAGGCCCTAGTCCCTCCCTGGGAGCTAAGAGCAGGACGGAGGCTGTACCTGACTGCTGCTTGGAGGGAACCCTGGCTGAGTCCAGGGAGGAGGAGCCAGAGGAGGGGCCGATTGGAAGCAGCCACCTCAGCGAAGCTGCAGGATTTCCGCAGGGCGGGAGCTGTTTATCTCCCGGAAGAAAACGGCTCCTGTCACAGAAGTCTCGTGATTGCTCTGGGAGCTTTGCTTAGACACTTGAAACTACAGGAGAAAGAAGGATCTAGCGAAATATGGCTACAGAGAGCCCTGCTACGCGTCGGGTCCAGGTGGCAGAACATCCTAGGTGGGGGAGAGGAGACGCCGGGCTTTGGGATCTGCTGGGTTGGCTACGTGTAGATCGGGTCCACAGCACTTGGCTCCTCCCTTGGGGCGCTGCTTTTGGTCCCGGGGAGCAAGTGGAACCCTTGGGATTCTATAAGGACACGTGGCTGGGCTTGCAAAAAAGATCACGCCGCAAACACATTCTACCTTGACTACTACGAAGGGTTGTATGTTTTTTTCTTCATCCATGCAGATTCTTCTTTTCCTTTTCTTGTTGTAATTAGTGTACTCTTTCTACTGGGCTTCAGCAGAAATGCCCATATCCACACTGAACTCCTCTCTTTGTCTCGCATGCCAGTTGATACTGCTTTTTAAAAGTCTTCTTTCTAAATATTAATTGAAAACAAACACAAAAACCTTCTTGGTGTCTGCATCCTCTTTAAAACAAAACAAAACAAAAACACGAGAATCTCTGAACTGTCACTTAGGGAATTAATTTGCTGGCAGTCCCTAG"
"49","2734_11_131813785_A_G_11262.p1","GRCh37",11,131813784,131813785,"CAGGTGTACAGGCTGTCACTTC","ATGTGGAAGCAAGGCTGAGATG","60.441","60.511",11,131943568,131944481,914,"99.9% (1 x 2)","CAGGTGTACAGGCTGTCACTTCTACTTCTCCGGCTCGTTTTTTCCCTTCACTCTCTGAGCACCTACCCTCAGTTCCACCTATCACTTTTCCCAGCTAGTTGGCCCAAGCATGGATAAAGAATTTTAGAAATGCAACTTTCCTTTTTTTTGTCTCTCTCTGTAGGTGCCAGTTCTGTCATTAGAAATGTCTTGCCAAATTAGAACACAAATAAGCCAAGAATATTCTTCAAAATGCAGATAATCAAAAGCACAGCACTGGAATCTGATCATCCCCCACACATCCATGGTGACAGCCCGAGTTGCTCTCTTAGAGCCTGGCAGACATTCTAATTCCAACTCACATTTTTCTAAAAGGAAAAAAAAAAATACCTGTTAGGCTGATATTCCTTAAAGAAGAGTCTTTCTTAGAGAACTTTATAAAAGCCATATTTGGGCGTTATTTGTATGTGAAAATTGTGCTCTTTCTGCTCATAAACTTTTCTGAAACATTTTTTTTTTCTTTTCTGTGAGAGCTTAGAAAACGGCTAGTAATTTGAAGACAACCTATGTGACACTGATATGCTTTTGGTAGCAGATAAATGCCACTGGCTGGTGCAAAGACAATTTGCTTGGAAAATGTGAAGTGCTTTATATCTAGAAATACTAGGTACAGAGTAAAATTCTCCATTTGTTAAAATCAGACACTGACTTGCAGTAGTGAGTTATGTGCTGGGCTTTATTAATCCTTCTGCTCATATTGCTTTAGACATAGGAGACAGCGGCGCTGATTAGTGGTGAGCTCTTGATGAACTATATTTGGGAGGCCCCAGTTTTGCAGGAGGGGGCTCAGGCAGGTCACTGCTTCATGCACAAAACATAGGGAACACAAGCAGCAGTTTGGATGTCCACAGCTCATCTCAGCCTTGCTTCCACAT"
"50","2747_4_82711086_G_GA_12582.p1","GRCh37",4,82711085,82711086,"CAGGATATTCTGTGTACAATACAGGGT","TGAGCTTTAGCCTTTGTAATTGTCC","59.975","59.381",4,81789574,81790484,911,"99.9% (1 x 2)","CAGGATATTCTGTGTACAATACAGGGTATAATTACAGTTAAGAGGAAAAATACTATATTTCCTAGTAGCATTAAATTTATATTTTATATGTACTTTATAATAAAATTGTAGCTGTTTTTCCAGTGAATCTTTAAAACAGAAGTTGCTTCCTTCACACCCTTAAGAAGTATGGCAGGCAGACAGCAAGCAGAATGGTCTCCCTTTCTGGTAATATTTCTGAAGGAGACTCCATTCCACCTCCTCAAAAGCTAGATGTGACATGTTTACCTTCAACATTCAAATTCAGCTTTGAGAATTTTATCAAACATCTTGAGATAATTTTTCTTACATAACCAAGCTTGGAAACCACCAATACACTGAAAAAATCACACAGCCTCTTCCTGTCAAAAACCAGTAGAGATTTTGCTCTGTTGAGCTACGTATAAAAGAAGGAGAAAATGACCCAGAGCCAGGAAACAAGGAATTATTTTTAAACCTATTGATCAACTTTCCCCACAAACCTCTAAACTCATTCATTTAGATTCCATCTGCTTAACTGATCTTTATAGGACCTATTGAGAGATGAGTAATAACAGTAACTAGGAAAAAGCTCACTTTGAAGTCCACCCGTCCTCACCCAGGAGCTCACAGTGCTTCAAAGACTCCGGGGTACAGGCTCTAAGAGCAGCTGCAAAGCCCTCTGGGAGTAGGGAGCAGGGCAGAGATAAAGGCAAAATTAACCTTCTAGCAATTTCCCGCTTTGAGGACTTAAGTCAGCGTTTAATCTCATTGGGATGTGGTTTTTCCTGTTGGCTTTTTAAAATTAAATTTGTCAAATACAATTCACCTAATCTTATATATAGTATTCTTATTAGCGTATTACCATGTAAAATATATTATCATTATAGGACAATTACAAAGGCTAAAGCTCA"
"51","2790_18_41426408_C_A_14696.p1","GRCh37",18,41426407,41426408,"CATAAGTAATGAAACCAGCCTGCAA","TCACCAGGGTTAAGTTGATGAAAGT","59.67","59.954",18,43845917,43846825,909,"99.9% (1 x 2)","CATAAGTAATGAAACCAGCCTGCAAGGGAAAACCTAGATAGTATCAGGGGAGATGGAATATTCCAATGGGAGAATTTGAAAGTATTTAGGGAGTAAATTCAATGGAACATGGTGATTGAATAGAAGTGGAGGGTCACAGAGAAAAACAACAGTTATTTGTTTTTCCTTAAATATTTTCTATAAACATACTTATGTTTTTGAGCCAACATTGATTTTACTTTTATTATTATTATTATTATTATTTTGGTCATCTGTTCAAGCTTTTTCAAGTTGATTGTTTTGCTGTTGATTTTTCACCATCCTCTTCTCCTTCTGTTTCTTCCCAGTATTACTTTGGAACATTACTACCCCTTTTATTTATTAATTTAATGAAACTCCTCCCGTGGTCCAGACTCCATCACAACATCCTGCCAGGTTTCTCATTTATTTTTATTTTCTTAATCTTAAAACCCAGATATTCTCATGTCATCCCTCTTTTCCCTACTTCCCACTTCTGGCATCCCTTACAACTGCAAATGCTCCCAAGCCTTTGAAGCTCTAGCCAGCTAATCCCTCAAACAAAAGTTACCAAAGAGCTTTATTCTTCTGACATTTTAGATCCCTTTCACTGACTGTGAGTGGCTGCCATTCTCCCCTCCTCTCTAAACCGGAGATTTACTCAAATACTATTTTACCCAGCACCATAAGCCACAAGTTCAGAATAACCTCTCCAGTGAATCAGAAGACAGTGATCAAGCATTCTTACTTATATCACAGTGATTAGGATATTTATCTTTAAATAAATTTTGCATTTGGGAAGAGAAAGTGTAGAAAGACAAACGATGAAATGCTAATGCCAGGTTTTCCAGTAACATGAGTTTTTTTGGAGGTGATAGTTTGGGAATACTTTCATCAACTTAACCCTGGTGA"
"52","313_4_1355421_A_T_12626.p1","GRCh37",4,1355420,1355421,"CAGGTCTGTCTGAGCCTCATTAC","ATACAAATGGATTCTCACCCACACT","60","59.835",4,1361298,1362197,900,"99.9% (1 x 2)","CAGGTCTGTCTGAGCCTCATTACTGGGAGTGACCTGGGTTAGACGAGAATGGGAAGAGGCCCACAGCACTGTGTTTTGTGATATTCTTGTAAGAGCGTGTTGATGAGTGTAGATTTTATAGTAAAGAACCAGTCATTCTAGAAAGCAACGACTTGCTTCAGCAGAACCTCCAGGCTCTCGTTTCAGAGGTGAGGACACGCCTATGGTGCTGTGTCTGTGTCCAGCAGGTTCTGCTCGGCCCCGACAGTGCTGCCCGCCAGGTGCCCTTCCCGCACGCTTGCTGCAGTCAGCCCTGCACCGCTCCGCCCTCCGTCCTCTCAAGGTGCGTCCCTGGCAGCCGGAGATGCACATGAGATATTGGCCTGGCCGGGCAATTTGCACGGCCTTCCAGGGAGGGCATTAGCATATAAATAGCAGATGCAATGACGACCATCACAGCTGAGCACGTTTAATTTTTGGTTTATAAGATAGAATGGGTTTTTAAACACATAGCCATCAAGGCGCTGAAAGACAAATGCAATTTGGAACTCACTTGTCTGACGAGGCCTTACATCATTTTTTTTTTTTTTTTTATAAAAAGGGAAACAGACACACATAAAACTGAACAAAAGTGATTTCTTGGGTGAAAAGTAATTGAGACCGCGTACCAAGTTAATTAGATCGTACAAAATTTATTTAATGGCCCCAGCTGTATCTCCCAGCCTGTGTGTGGCGGACAGACCTGCCCCTTCACACGGCCTCTCCTCTTCCTTTCCTTCTCAAATAATTAGTAACCTCGCCACCCTACTTCTGTGAACTGATTGCATTGTATATTTTAGCCATTTTATTGCTTGTTTAATTATGATCGTGGAGGCTCATTTTTCTAAATCCTTTTAAGTGTGGGTGAGAATCCATTTGTAT"
"53","345_2_232469202_C_T_12733.p1","GRCh37",2,232469201,232469202,"CAGTCTGGGTTCTGGCTTCAG","CAAACTCAATTGTCTGACGTCACT","60.182","59.302",2,231603972,231604855,884,"99.8% (1 x 2)","CAGTCTGGGTTCTGGCTTCAGCACTTTATATTCTGCTGCGGCGGGAACAGCCTAAGAACAGAAACTTGGAGGTGGTCAGTGCAGACCCTTCTGGCCCCAATGCCCTCTTCACCCAGGGGTGGCCTGGCCTGGCCTGACTGCCCCGACTGCCCCCAACCCCAGGCAGCGGTGGAGGAGAGGGATGTCACACAGCACAAACGCCGGCGGAGGGGCCACAGGAGTGGGGAGAGCAACCAGGGATGAAGCAGAGTGGGGTGCGCAGGCCTCGCGTCTCCTCCCCCAGGGCAGGTGGCCAAGCTCAGAGATTTCCTGGGTGATTAGGGGGAGGGGCGCGAAAACGCCCCTTGCTGCCACCTGCTCCTTGTTGCCAGAGCAGGAACCCAGGTTGGGGCTTGGGGAGCAAATGAGGCTGGGACAGAGCACGGGGCAGTCAGATGGGGTGAGGCGAACAAAGGCCTCTCTCTGCGAGAGAAATCCCGACTGGCTGCGGGGCGCACTCAGGCCACAATGGGGCTTTCTCCGGCCACAGGCGGCCCGGCCAGCCTGAGGGCAAGGCAGGGCGTCTGCGCTGCCGCGGGCCAGGCGGCACCGCTTCCGCGAGGGAAGAGCAGCTCCCGTGTCGGGGCCGGAGCTGGGGCCGAGGCTCCGAGGCGGGACCAAGGGCGCGGGTGGCCGACGGGGCCTGCAAGACCGGCCGAGCACCCCCAGCCCCAGCCCGGCCCGGCCCAGCAGGCCCGGCCCAGCAGGCCCGGCCCAGCAGGCCCGGCCCAGCAGGCCCGGCCCCGCCGTCTCCATGGCGACCGTGACCTCAACGCCTGGGCGGGGAGGGAGAGGCTGAGCCGGTTGCTGCGCGACGGCCCAGTGACGTCAGACAATTGAGTTTG"
"54","357_14_103968646_G_A_12795.p1","GRCh37",14,103968645,103968646,"CATCAGTATTGGTGGATGTGAACCA","TCCTGCACAGACTCACATTTGTAA","60.653","60.006",14,103501848,103502762,915,"99.9% (1 x 2)","CATCAGTATTGGTGGATGTGAACCAAATTGAATACTGGCAGGTTGGTGACACGGAGAGCTATGTGCATATGCAAAAGCTGTAGCCCCTCACCTCTGGTTAGTTGGCCATAGGATGGAGTGTACTTAAGGTACATAGACTATTTTACTCCCAAGAATGCTAGGCACTCACTGTCTTAATTGAGGCCACCAGATACACACATGAGAATATAAATAACGGCTTGTGGCAATAATGACTAAATGCCAAGGAGTGGCTGGTAAACCGCGGTGTTCCCTAGAGACCCCGGCCTGGGCTCTACTTAGGCTGCCTCTTGGACATCAGACCAAGGCTTACATTCTGAATCCACAGGGCATCCACATGGGTGGTGTCAGTCCCCCACAGACAGAGAAGTGTCCCGTTGCATTTTTCCATCTATTCCAGTAGTAAGATTGTGTCATTTGAGATTTTCTTTAACTGTATAATTGGACGTTTAATTAACAAACCAGAGAGGAGGAAAAACAATGAGGTGGGTAGAGCATCATGTTCAGCCTCAGGGCTGTACAGCAAAGCAATTTTAGACTGCGGATGTTGAGTCTCCAGTTACCCTGAGTGCCAGTTACAGTGATTCACATCTGAAAGAACAGTACTGCAGGAGAGGGACAGCCCAGGGTGGATGGGTGGGGTGGGCAGGAGCTGGCTGGCAACTCCTTCCCTGAGCTGGGCCTGCAGAGCCCTGAGGAGTGGGGCATGCTGTCCTTTTTGCCTGATTTCCAAGGATTCTGCTTAACGAATTACTTCGTTCATTTTAGTAAGCACAGGTGGCTGGTGAAGATTTTCCAGCTAGGTAGATCTTTTTGTGTGTGGCTTATGACTTTTAGGGGGTGAGGGAAGAAAATAGACGAAAATAGACTTAGTTACAAATGTGAGTCTGTGCAGGA"
"55","380_9_34991535_G_A_12837.p1","GRCh37",9,34991534,34991535,"CAGCCATTTCCATCTGTCACTCAT","CTTTCTGCCTCTGACTGCTTCA","60.729","60.119",9,34991092,34991993,902,"99.9% (1 x 2)","CAGCCATTTCCATCTGTCACTCATCCCCCTCCATCAGTACCTCATTTTCTGTATCAGCCATCTCCCCTCCCTGTACCTCAACAGTCCCCCTCGCCATTTTCTCCCCATTTTTCCTTCCTGCCTCTACCTTAACATCCTCCTCATTCTTCTCCATCAAAGGCAGTGCCATGCCATGGGGCTCCTTTGTCATTCCAACACGTGGCCTGTGGGTAGGGGGGAAGGGAAGGAGGGAGGAAAGCAGAAAGAGAAAAAGGAGGCAGATCCTGAAAGAGCTTGCCCTGTGTCTGCGGAGGCAAGAGATGTATGGGCCTAGAGCAGCTAGCAGGTGGGTACCAGGGAGGAAGCTGGCCGGGTGTGGAGGTAATGCAGGGACACCAAAAGGAGGTGGGTGGTTGGTGAGCCGTTCCACTGGCCCTCTGCCTGGAAGCTGCTCTCGTTCTCTAGGGGCACCCTCTTGGTGTGCTAGGGTTCTTTCCCAGTCCCAGGGGAAAGAAGGTGTGGGTTGAGGCAGAAATGGCAGACCACCCCCCCCCGCTCCCTCTCAGACGGCTTTTGCTGCCATTTCCGAAAACGGTTGCCCCCCCCCCCAACGAGGTGCTCTTTCTTCTCTGCCTCTCCCAACCCCACCCCCCACCCCATCTCCCCCACAGACGTGACATGCTGGTGGGGGGCAATGGGGGAGTACCCGCCTTTGTGGAGCCTTTTCTTCGTCAGAGAAAGGTGACTCCCAGAACCATGAGTCAACCCAGCCACCTGCAGCAGGGCCTGTGGGGGCAGCAGTGAGGGCCATTGTCCCTGCCCACCTAGGGCCTTGGGCGCCTCCCCCTTACCCGGTTACAGGCCTCACTCCTGGAAGGACACCCTGTACACCTCCCTGCTGTGAAGCAGTCAGAGGCAGAAAG"
"56","419_10_80919716_C_T_13023.p1","GRCh37",10,80919715,80919716,"CATAGCGGGCAGACTGTGAG","GCTCCATGAGTGCTGGAACC","60.11","60.604",10,79159487,79160386,900,"99.8% (1 x 2)","CATAGCGGGCAGACTGTGAGTGGGGATGGGCTGCTTACTCACATCCCGGCTGTGTTCCTGTGGGCTGCTTATTAGCTGTGCGACCTCAGGAGGTTATAGAACCTCTTGGCCTCGTGTGGAAATCAGGGATGTCAGTGTCCACCTCACAGCGTTTCACTGAGTGCTAAAGGAAATATCCAGGGCACAATCCACAATATGGACTCAATACAGAGTGCCCTCCTACTCCTTCTCTCTTTCCTAGCAGGGTGGTCCAATGCAGGCTCACTGTCCCCCAACCAGAGCCTGAGTTCAAATTCTAGCACCCCCACTTATGGCTGGGTGACCCTAGCTGGGTCCCTTCCCCTCTCTGATCTCAGTTTGCCCCTTTGCACAAGCCCAACACCAAGGGGCTGGGGTGGCTGGGGCAGTGAGGTACGTGTGTGCACCATAAGCCGAGCACCCCTGAGACGCTGATGGCCCGACGCCGTTTCTCCGGGCCTGGCCGATGCTCACTGGGGAGCGAGGGCTTTTCGGCTCTGGCTTCCGTCTCAGCTGCCAAGATAATTATTTTCTCTCTGTCAGCGGCTCTGCTGGCCAGCTTGCCTTTGGGAAAGGCCTAGCTGTGGGCGGTGGGGAGGCAGGAGGCCGACTCCAGTTCTGCCCCAGTCACTGACTCACTGCATGACCCCAGATGAGGGCAAACGCTGCCTGTCTCTGGGCCTCAGTTTCCTCCTCAGTGAAAGGGAAGTATTGGGGTCAGTGAACCCCAAAACTGTTTGTATTTCCAAGGTAAGCAGAATTTGGGGGCTGCCAGAGCCAGAAGGTTAGGATGTAGAGCCACTTCCTCTCCCCATGGCTGGGGTGGGGACACTGGGCCTGGTCCCAGGATCTTGGGGTGTAGGGTTCCAGCACTCATGGAGC"
"57","472_8_118259831_C_T_13171.p1","GRCh37",8,118259830,118259831,"CAGCTTTCCCTTCCTCTCATTGAAG","GATTATCCGTTGACGAAGACTCAGT","61.167","60.246",8,117247170,117248069,900,"100% (1 x 2)","CAGCTTTCCCTTCCTCTCATTGAAGAAACTATGGTAGCCTGAGCTAATTGCTTGCCTAGGCCCCAAAATAAAAAGTGATAACAGAGAGGAAAATGAATCTTTTCTGCCTTTTAGATTTCAAAAACCTGGGCCTCTAAGAGAAGAAAACGGAGTAAAGGAGTAGATAAAAGTTTAGGAAAAAACATTTTGTGTAAGATCCTGACCTTTTTACCCACTTGGCTGGGGGAAGAAAAATGATTCATCAGAATAGAAAGAAGATAAGAGAGGGAACAGAGATGAGGGAGGATTAGAGCAAGCTCTGTAACTCTGTGTGGATTAGCCCATTTAAAATGGTCTAAGACAAGAGGGTTGGATCTGAAGGGACCATGGTTATGAGATCTGGGTGTGCAGATCACCTGCACACCTTCTCAAGTGAACACTGCCATCATCAGCAGATGGAAGCCACAGGGAAGCCGAGACAGCACCTGGCATTTGCTGGGCTGGCGAACACCCAATGGTGTCTGAATTAGAGCTATATTTACTGTCCTTTGATGGTCACCAGTATGATGCTTCTTGATCATCCCCAAAGGAATGACTGCACTCTGTGCCCTGGGACCTTGCGTGGTCCCAATCTCTAGTCCTACAGGCAGCAGCCCCTTTCACTCAGCACTCCAGCCTAAGCATTGTCTTAATGCTTTTGCAATGTGCTTGACCAATTCACCCGAGGAAGAAATGTCTTTCAGGGACACTATCCCCACCTTACACTTGCATATGAATTTACAAACCCCAAACCACTTTTCTATCCAATCTTTCTTTAGGTTTTTCCAACAGATTTTTCAAGGAAGCAAAAAAGACAGCAAATTACTAAGAATGAAATTCACTTTTTAATTTTTCCCACTGAGTCTTCGTCAACGGATAATC"
"58","5_16_60715363_T_C_11089.p1","GRCh37",16,60715362,60715363,"CAGTAGAACCGGAAACCCAGTTATC","GGATGTTGCTTCAGATAGCTCCTTA","60.705","60.015",16,60681030,60681929,900,"99.9% (1 x 2)","CAGTAGAACCGGAAACCCAGTTATCAGCATTTGGGCCCAGAATTTTTATTCCTTTATGATACAGCATTTGCCTTTTCTTATTGCCTGACTAGGCTTAATGCCAGCCCTCTTTTGAAATTCCACTGGTCTCAGCCCCTCCCACTTGCTTGTTCACTCATTCAGCATTGTGCTAGGGTAGGGGTAGGTGAACATATGGAGGATCCCGCCTTTAGAGAATTAGAAACAACAGCAGCAGCAGGCCTGCTGGTGGGAAGCAGCATTTTGTTTGTTAAAGTCAACCCTCTTCCCACTGAAGCAGCCCCAGGCAGAGGGGCCATGCAGCCAAAAATGTCAGAAAACATGGAGTGTCCCAGACCTTCACCCAGATTGGCATTTCAGGCAGGAAGACAGCCTTTGCCTGGGGAATGTCACTGCCGAGTTTGATGATTCTTGGTAATTAATCAACAGCTTCAGTGAAGGTATCCGGCTGTATCAGGAAGAGTGAACACAGATAATACTTCAGATGAGTATAGAAGAAATTTAGAATGATTCTCAGCAAAGATGATAGCACACCGTCATCTTCTCTCCAGAGGAGCAAGGCCCTGCATCTACAAAGAAAATCAATATTCCTGCCATTGCTCTGTCACTAATTTTACATATAACCTTGGGCATAGGTGGGTCTCAGATGCCTCCTCTGTAAAATGAAGCAGGGGAAATGAGATCCCTAAGAATCCTTCCAGATTTAACATTCTGTGTGACCCTATTAACATCTCCCATCTCCAGGAGACTGAGGCAGCTTGCTTTCTTACTCACCTGAACTTGGGGTCATTTGAATTAATTTCTCTGTCTCTCTTCACCTATATCTCTTCACTCAGCTTTGCTAGAGTTGTGATTATTAAGGAGCTATCTGAAGCAACATCC"
"59","585_15_26327513_C_T_13578.p1","GRCh37",15,26327512,26327513,"CATCCTGTTCACCATCTCGCTATC","GGCTTGGCTCACGAAATTAGAATTA","60.661","59.501",15,26081914,26082837,924,"100% (1 x 2)","CATCCTGTTCACCATCTCGCTATCTGCCGGCCGGAAACACTCACTGGGGGCATAGAGAACAGTGAATTGCCTAGAACGTAAGAATTCCTTTGTAAGATTTGACCCCTAAATATTATCATTTGTTGTGAAAATTTGGTATGCAAACACAGCAATGCTGATTACACAGCCCGTTTTGCCGGGGTTGTGACCTACGAGGTGAGTCTTCAGGTCTCCACACATCCTTAAGGATTATGTAGCTTTTCACAGTCGTGTTTTTAAGCTTCTTGCTAAGGCTTATAAATTTACGAGTTTCACTGTGTTCCAAAAGAAAGGTCCAGTCATTCCCACACCGGGAGTCGAACCCGGGCCGCCTGGGTGAAAACCAGGAATCCTAACCGCTAGACCATGTGGGAGATGACAAGTAACCGTTGAATTCTAAACCAATTGAATCATTTCCGCCTGCCCTTGCTTTCCGCCTTCTGCCACGCCTCCGACAACAAATCCCTGTCTGCGCCTGCGCCTGCGCGGGCTTTCGGTGCTGACCGCTTGTTGATAGAGGTGTGCTCCTTCTCGAAAGGCGGAGGCAGGGCTGGGCGCTGTGGCTGCTGGCACTACCCAGTTCTTCAGCAGCGCTGTGCCTGGAGGCCCCCAGCCCCTCGCCCCCCGGCTCGCGGGAGGCGGCACCAGACCTCCTCAGGCCCTGGTCCCTAGGAAACTGCAGCCCGGCCTCAGTTTCCAGAAAGCTCCTCCGTGCGATTTGGGAAGAGCACGGTTTGAATGGTTGAAAATAGAGGGGCTGAAGAACCGAGCCGCGCGGGCCTGGCTCCGGGGCTGAGTTCCCTAGCGGGCGCCGAGCGGAGCCTGCCATTAGACCCCATTTTGCCAGTCAGGCCATTTTAACTGAAATTTTGCATTTAGATTAATTCTAATTTCGTGAGCCAAGCC"
"60","59_2_64245869_G_A_11440.p1","GRCh37",2,64245868,64245869,"CAGAGATGGAAGGAGGCAGAAC","AGTGGAGTCGGGAGCAGAAG","59.989","60.824",2,64018413,64019336,924,"99.9% (1 x 2)","CAGAGATGGAAGGAGGCAGAACTGAAGAAAATTATTGCACAAATTATTTCAAGCTACATTGCCAAAATGCAAAATACTGAGTAACTCTTTGGGTTAGCCTTCCCCGGAGAGAAAAACAAACAAATGTTTTAACGATTCCAGTAGAATCCAATAGGACTAAGGGCCTGGCTGGAAAAAGAAAAGGAAAGTTTGGGGGCAGCGTCTAAGGGGGTGATGGAAGTTCCAGAGCTGGGATCCCGGAAAGATAAGAGAGGGGCAAGAGCGGCGTTTGCGGTCGCTGACAGGAGGCAGGGAACACAGCTGCCAGCCCCGATCCCGGAGGGAGAGTGAAAAGGAAAAAAAAAAAAAAAAAAGGAAGTGGCGGAGAGGAGCATGGAAGCTTCAGTGCCGGTCAGCTGTGACCGAAACTCGGTCCGTTTGGGGCTGGGGAGGAGAGCCGAGGGGGTGGGGTCTCGGTCCCTCTCTCCGCTGTAGGTCGGGGTGAGAGTGGGCTGAGACGCGCGGGGGGCCGCGGGGCACACCTACCTGCGGGTCCCGGGGCAGCCGCCCTGAGCGAGGCCTAGTGCATCGCCGCCGCCTCCAGCCCTCCACGTCGCACCGAGGCTGCTGCTCCACGGCCGCCGCCGCCCGGCGCCCGGCCGGGCCCGAGCCCGGGTTCCCGCCCCCGCCCCGCGCCCGCTGGCCAGTCGGCCCGGGGAGCACAGGGCCGCCCTCTCGAGCCCAGCTTCACTCAGGGGTGAGAGGTGGCAGCGGCGGCTCCCTCACGTCTCTCCCGGGTGTCCTGTCAGCCAGCAGTTTCCCCCGGGTCCGCAGCGCCGCCTCCGCCGCTGCTGCCACCGCCTCTCCCACATCCCCGGCCTCCAGGGGAGCCGCCGCCGCCGCGCCACGACCACTGCCTCTAGCGCTTCTGCTCCCGACTCCACT"
"61","620_4_7912997_T_C_13660.p1","GRCh37",4,7912996,7912997,"CATGCCACTCTCCTCAGTAATCAC","CCCAGGACTCTAGAGAGATGGATTT","60.545","60.484",4,7910907,7911800,894,"99.9% (1 x 2)","CATGCCACTCTCCTCAGTAATCACTCCCAGACCAGAGCACCGAGGGGTGGATCTTCTTCCTCTCACTTTTTTCAGCCCCTTGGCTGACCCAGCATTCCCCAGAAAGCTATCGAGTCCTGGCAGCTCTGAGGCCACAAAGCCATAAACGCACGGGACACACAGCCCATCTGTCTCCAACGGGTCTTTTACTTGTCATGCTGGTCATTTCTATGAGCAGATGGGTTGAGAAAGACTTGGCAAGTTACCACGAAATGACCCCTCCACTCCTCCCTGGGGGAAGGCTGACTAGCGAGCCAGGACGGCTTTCTTCCCCCACTCCCTGCATTCCTGTCCCTAAGGAGCCAGAGACAATCCCACCAAATATAGGCAGGAGCCAGCCGCCTCCTTCCTACAGCCGGAGGGGGGAAGGGTCCTCTTGGGCCTTTCTAAGTGCATGAAAACCAAACTGTGAGCTGTACTGACCCGGGCCTCGCCCATGTTGCAGGCATGTACAACACAGGCGCCCAGTGATATCATCAGGCAGAACTATGAATGTGCTTTCTATCATTTTCATACAATGATTCCAGAGCCGCTATTCACACAGCTCCACTTCTCACACAAATGACATGCTTTACGGATTGCACAGCATTTTCACCATGCCCCTCATCCGCTCCTCCCAGCAGCCTTGCGTGATCCCTTGAGTATGCTTCCTCATCTCCATTTTTTAAGAAATGGAGTTTCTGAGTTTATGAAACCAAAACTTTCCCAAGAATATCCAGCTAGTATTAGAACCAGGATATAAGGGCCTCTGATTCTAGAACCAGTACTTGTGTCACTATTCCACACGGGTCCCTCCAGGGATTTCTGCCTGATATTAAAATGCAGACAGCAAATCCATCTCTCTAGAGTCCTGGG"
"62","650_9_73147604_A_G_13732.p1","GRCh37",9,73147603,73147604,"CAGGAAGATTAGACTGTACAGACTCA","CAACAGTCCTGATCTTGCAATTACC","59.185","59.96",9,70532205,70533118,914,"99.8% (1 x 2)","CAGGAAGATTAGACTGTACAGACTCAGAAAGTAAAAAAGTACTATCCAGTTATCTACCATAATATTATCTATAGAAACCATATTTTAGAATACATTTGAAACATTCAGAAGAAACACATTTTGTGTTTTTATGAGTACATTTTTCTCGTTTGATTATTCTTATATATATATTTTAAAAGGGGAACTTTCAAAGTGCTAAATAATATCCTAGACCTGGAAACTTATACATTTAAAAAATCCAGTTCTGTAAAGTGCTGTATTCTGACTGCTAATACACCTTTTGGCTTGCAGAGATAATACAAACTAGTCATGAAAATTGTACCCAAGCTTTCCAGCTCCTCATTCAAATCTATCAAGGAGGGGCCCTCTAACTATAAATATAAAGTATATTGGTTAAGCAGGAGACCTCCATGGTCATTTTCATAAAACATCCTTAAATTTTTTTCAAAAGGAACAAGCAATTTAGAACAAATCATTACATATAGTAGTATGTAAAAATTGGCACCTTTGAAGCAGATGATTAAACCGAAGCTATTACTTCCTTGAGCTCTCTATGACTTTATTTACGGTCCTCAGTAACTTGCTGCTCATAAACTGCTTAATTCACAAAGACAGGTAATTAACGTCCCCTCGATCAGGGATGTGGTGGAATCAATGGGCTGAGCATAAGCTGACTGCACAAGGCCACAGAATCAATGCCACATTGCTGCACAGAGAACCCAGAAATGGAAGGAAATGGACTGAAAAATAACACACATACATGTGCACAGGAAGGAAATGGCTCATGGAAGTTACACAGTTTGTGTCTACAGTCATTTAAGTTTGGCTTATATATTTCACACGTTTCACAGACGTTAGAACTTAATTTTCATGCACAACAAAAGAATCAGGTAATTGCAAGATCAGGACTGTTG"
"63","665_11_120475923_G_A_13812.p1","GRCh37",11,120475922,120475923,"CAGATAGATTTACAGGGCTGCATTG","ggtagAACCACAACCCATGTAGAAT","59.616","60.131",11,120604715,120605614,900,"99.9% (1 x 2)","CAGATAGATTTACAGGGCTGCATTGGTGGTTCCCAAATCTGCCTCTTTGTCAGAGTCATCCAGAGAGCTTTAATAAGAGAAAACAATGTGTATGGCCAGACCTTGCCTCAGACTTACTTGGAATGGCCAGAAGTGGGGCCTGGAAGTCTGATATATATATGTATTTGAGACAGGGTCTCACTCTGTTGCCCAGGCCAGAGTGCAGTGGTATGATCATGGCTCACTACAGCCTCTACCTTTTGGCTTTAAGAAATTATCCTGTCTCAGCCTCCCGAGTAGCCGGGACCACTGGTGTGCACCACCGTACCTGCCTAATTTTTAATGTTGCCCAGGCTGGTCTTGAACTCCTGGGCTCAAGCAACCTCCCGCCTTGACCTCCCAAAGTATTGAGATTACAGACGTGAGCCAGTGCGCACAGCACAGCCAAGTCTGAATTTTAAAAAACTTTCCAAGTGATACTGATGACTGGCCAAGTTAGGGACCCCTGGGAAAGATGAACGTGTTACTTGTCAGTGATGGCTGTTAAATATCAAAACGAGTATTTGAGGGAGGCTAGGCACCAGCATCACTCATGCAATAAAGTGTTTGAAGACTTGACACTGCTCTGCCCTTACAACAGTAGGTGGGCCAGTCTCCTGCCCTCTCCAAGTGTACAGAATAGAATTAGGCACAGGGGACAAAATCTCTCTGAGCCTCATTTTCCTCATCAGTTAAATAAGACAAATACTACTTACAGCATGGGGTCTTTGCGAGGATGACATCAAGAAGCAGTGTGACAGCCATCAGCAAGTTCCCAGCTTAGCGTCTGAGTGGGGTGGGTCCTCTGTAGCTGTTGTCCATGGCTTTTGCTGCAAGAGCTTCCTCTTTCAGTCCAAATTCTACATGGGTTGTGGTTCTACC"
"64","686_14_99276733_C_T_13874.p1","GRCh37",14,99276732,99276733,"catatttctccatcatggctgcaT","CCACAGAGGACTCAACAAATGGTA","59.1","60.067",14,98809810,98810724,915,"99.8% (1 x 2)","CATATTTCTCCATCATGGCTGCATAATTAAAAATCAAAGTAAGATATTTAGCTCTTAAATTTCTTTAAGGCTGTCACTTTATTTTCCTTCTATCCCTGGAGCATCCTTCACCTCCGTACCGGCTCCCCCACAGGCAACTTCAAATGAATGTAATCTTCCCGTTACCTCCCCCTCCCGAAATCGCAACTCGACACCCCCTGCTTGGCCTGCCCTCTTTGTTGGAATATGTTCAGTTCCTATTGTCTGGTAGATAAGGAATTTTTAAAAGTTGCTTTGTTAATAAAACGCTTCAGTTTAAAAAGTTTGCTCAGCAGCGTGTGTCTCTTAATATGTGTCAACTTCTGTTTGGATCAATTGACGTGGGATGCTATATTAATTATTCATTTTTGCAGAATGGAAATTAATTATTGTGCATGAAATTCTAAACACATATGGCAACAGTGCCGGCTGGACTGGCCCCCCTGCCAGCATTTCAGAGATTCAGATTCAGAGGTAATATGTTGTTTTGCAAAGCCAAGACCTCCTAAGGGTTCCAAGATAGAAGAATTGAAAAACTGACATGTTTCTGTACATGGTCCAACTCCTGCGCCTCCTTGAATGCACCCCTGACTTCCCTGCTATCTCTTCCCAAATCTGTGCTGATGAGGGGAACTATTCGAGTCTATCACAATAGCTGCAACAACCTAAAACCTTCAGAGTCATTATCTTTGCCTCCAAATCTGTCTTCCTGCAGCAGGTGGTACCATTAACCACTTCTCCCTGAATCCTTCCAAGTGAATCTTCCTGGAGGGGATGACTGGGTCCGGGGTGTTCCCTTTACAATGGGTCCTACCACTCTTATTTTGTTCATCATGTTGCAATGGAGATGTCTGTGTGTGCGACTATCACAGCTACCATTTGTTGAGTCCTCTGTGG"
"65","694_21_46510073_G_A_13942.p1","GRCh37",21,46510072,46510073,"cagttatcagaaatatcacctttatcaCTACT","TCACCAGGCTGCACACTCAG","59.236","61.959",21,45089717,45090628,912,"99.9% (1 x 2)","CAGTTATCAGAAATATCACCTTTATCACTACTAAATGTTTTCTTTCAATGATATTTCAAATTGCTTATTATTCTTGTGTGATAAAGTGATTGGTTTTTGTATGTTGTGTCCACAGCTTGTCATTTGTGTCTCATGTTTTCTAGATGGAGGATCCTTTTGGGAACATGCGTCTTCCTTTCTAAGCTTTGTACTTCCCCTGTATTAATTGGCTAGGACTTCTGGTACTGTGCTGAGTGTAGTGTTTGGATCATAGTGATGGCTAGCAGGCTGCATCTCGTTGTTGTCTTTGACGTGAATGCTTCCAGTATTTCATCCTTAAGTGTGACATTACTCTAGTTGTTTTGTACATACCCTTTATCTTGTCTAGCATGTTACCTTCTCTTCCTGGTTTGTCCAAAATAATCTTTATCATGAGTGGCAGTAGAATTTTACCATATGTGCGTCTGTTGAAATGATCACGTGGTTTTCCCTCCAGTCTGTTAATATAGCAAATTTCATTAATAGATTTCCTGATATTAAACATTCCTGCATTCTGGGGAAAATCCTGTTTTTAACACAGTGCAAAATTAAAATTGCTATTTATTTTAATACCTTCTATTTTTTCAAAATGAGTCTCTCCCCAGCCCTACCCCTAGTCTTTTCATTTTTTTCATGTAGTTTACATGCTGTAGTAGCTACATAGTGGTATAAGTGCTTAACACCTGGCTTTTGGTGGGAAGGAGGAGTGGGAGTGTATGGAAACCCCTGATTTGTAGCATTTGCCAATTTCCAAGTTATAAATGTCCCTACCGTGCCCTATTTCAAGCTACCGATGAGCTGTCAACTGGTTTACAAAATTCCTGAAAATGTGACAGTCTTCTCTCATGAACAGGTATAAGTATACCAGTGGGGCCTGAGTGTGCAGCCTGGTGA"
"66","695_16_17278263_G_GAA_13942.p1","GRCh37",16,17278262,17278263,"CAGTCAAATCTTTGCCCTCATCAAT","TATCCCTTCTTTGGCTAGCAGAGAA","59.668","60.897",16,17183900,17184805,906,"99.9% (1 x 2)","CAGTCAAATCTTTGCCCTCATCAATTTTTAAAAGGGTAGAAACGCTCCTCCCTTATCCCACTTTTAATACATGCGGTTCCTCCAGATTGCCCTTGAAAAGAATCTTCACCTGCAGTTAGATGTAAGGAACAGGCAAGGGAAGAATAATAGACTCTACAATAAAGACCACCCACATTGTAGACCACCCCGGGCTCACATCCAAATTCCCAGGATGCACTTGGAGCATCCCAGCATGGATACCGTCCATACTCTTGGCCACCGGAGAAAAAGTCACATAAAAGACGGCTTTTTTTTTTTTTTTTTTTTGCCAATAAGCAAAAATGCTCAATGCACTGGGCAGGAAGATGCCAGGGTTGGAAACGTCCCATCCACAGACACATAGAGAGCCGCTGCCAAGAGGAAGGAGAATTGTGAGATCTGGAGAGGGAGGGATTCGGAAGAAAATACATTGCAAAATTCATTGTGTGGTCAAGCTGGGATCTGGTGAGAATATCAAATTGGCAGAGGACAGAGACCACATTTATTTCTGTACTATTTAGCCTGGACTCTCTTTTCTTCTGGTAACAGTAGTATAATTCTCTCTAGTGGAAGTGTTTGTACCCCATGGCATCGATGTAAGGTTCATGAGCGCACAGTTTTAATTTAACTTTAAATTAAAATCATATCAAATTGAAAATTTAGTTCCTCAGTCCCACAAGGCACGTTTCAAGCTCTCAATGGCCACCTGTGGCTAACGGCTACCATACAGGATGGTGCTTATAGAACATTTCCATCACCCCCGAAAGTTCCACTGGACAGTGCTGGTCTAGAGCATTGCCTAATATCTAGCAGAATCTCAATGAGCATCTATTTAATGAATGGATGAATGGCCAAGTGCTCTATTCTCTGCTAGCCAAAGAAGGGATA"
"67","732_1_48204434_T_G_14026.p1","GRCh37",1,48204433,48204434,"CAGTCCAAACTGCCAGAACAATG","TGGATGGCCATCACACTCACTT","60.124","61.513",1,47738277,47739176,900,"99.9% (1 x 2)","CAGTCCAAACTGCCAGAACAATGCCTGTGGGTTTAGAAAAGCAATAGTAGCTGAGAATAAGAGAAATACTTGTTTCCTTTCACATGCCTTCTCTCATAACTGTAAGTTCCTCTTGATACCTTGCATGGGGTCTTAAATATTGTTGTTACTCATGAAATATTTGCTGTATTGTAATACCAATTGGAATTATTAGCTAAAGTTGAGAAGAGAAAAACAGAACTGGAGAGAAGAAGGGAAAGACAGGTAGATCAAACATTAGAGGGAAATACTTTGAACCACATCTGTCCCTCTCTCTGCCCTGCTGCAGTTTTCTGTTTTAAAGTCTCCACTAGGCACTTAGGGAATTGTAGAAACGGTAATACATTGAATCCAGGAAAATGAAGTGTGAAGACCCAGAGATGTGCTCAGAACATAAGGTGGAGGGGCCAAGGCAGAGTTGGGCCGCACTAGGCTGGACAGCGGTCAAGGGCTCTGGGGTTGGCCCATCTCATAGATGAACTCTAGGTGGCGCTGTGGCCACAAAAGTTTTGGGCTGAGGAATTTTGGCAAAGCTGTTAGGAATCTGTGGGTGGGAGCGAGGAAGGGAGAGAGGTAAAGAAAGAATAGTGGACTGGAGTGAAGGAGACACACACACACACACACACACACACACACACGTAGATGGGTGGGGGGGTGGGGGTGGTGGTGGCAGGAATAAGTGAATGGCTCAGACAGTGCTTGGTCCAGAAGAGAGAAAATAAACTGAGGGATCATCAAATTCATTCATTTACTTAATATAAGCATTGATCAAGCCCCATCTTGTGCCTGTCGCTGGGACAGATGGTGGGGATAAAAGGGCGCTTGAGCAGCCACCTCCCTGAGGTCCTGTGGCTTATGAGAAGTGAGTGTGATGGCCATCCA"
"68","747_6_146742633_G_T_14065.p1","GRCh37",6,146742632,146742633,"CAGAGGAAAGACTGATGGGATGTTT","GTGTGTAGGCTCTCTGTAAATGGAA","60.364","60.131",6,146420944,146421852,909,"99.9% (1 x 2)","CAGAGGAAAGACTGATGGGATGTTTTACAAAGTATTCATCAGGATAACAACATCTGATATCTTTGAAAATTGCCATAATAAAAAGTTAATTTTAAAAATGTCTAAAAACCAAGCAGAATGTCTAAAAACCTCATACACTAGTGTAAATTGTGCAAGAACTTTGCAAAGCAATTTGGTAATATATAAGAAAGATGAATGTGCATGCTCAACAATGTACCAATTCTAGTTCTAAGTAAATATCATGGGAAAAAAATCTCCCATTAACAATGTTTATTGCAGTATTGATAAAATAGCAAAATGTAGGAAAAAAACTAAATGGTCATCAGTAGAAGAATGGATTATTTTTTAAAGTGTGGTATTTGTTCAATTTAGTTTAAGTGAATGAACTAGAGTTATACTCTAGCTATACATAATACTAGTTATACATAATACCGTGCAAAAAGGGAAATTGTTGAATGGAAATGTAATGTCAAGTATATAAAATATAATATGCTAAACACTATCATGTATTATTTACTAACACATATGAATATACATATTCAACATAAAATATGCCAAGTGACAATACATACCAATTTGTCTCTTTAAAAGGAGCAGATTCATATTTAGAATAATATACAGAGGGCTTCAAACATATCCTTAATATTTTCAAAAGAAAGAAGATTTTAATAGGGCAAAATGTTAATATTTGTCAAATCTATGGTGGTAACTAAACTGAATGTGATTAAACCATTCTCTGTAGTCTCTTACTAGCTTATGAATCTTAATAATTAACAATTTTGAAATGAAGCAATATTTTACACCTATATGGAAAGACTGCATTGTGCATATATATAAAGAGTTTTAATATACATGCATGCGTTAAAAGGAAGGGTGGAAAAAATTTCCATTTACAGAGAGCCTACACAC"
"69","769_12_19584957_C_G_14108.p1","GRCh37",12,19584956,19584957,"CAGCTATGCTATTCACCTTTCACAT","CAGCCAAAGTCATAGTACAGTCAGA","59.034","59.901",12,19431471,19432389,919,"99.8% (1 x 2)","CAGCTATGCTATTCACCTTTCACATTTTGCCTATCTTTTTATCTGAAGTTTATAGAAAAGGCATTTTACTAAATTCAAAGTGAGAACTACTAATACTACACCTACATATGACCTCCTTATGGTGGACGGGTGTCAGCCAAAGCAGTTAAGTTTCAAAATGGCTATACTGATAGACTTTAACTCAAAAACTATAATCATTATTTGGTCATGTTTTGGTTGGATTACAATCTACAGAATGGGAAAACTTGCATCAGATTTCTAGTTCTTTCCAGCTTTAAGATCCTATCATTTCCATCATCCTGTAAGATGTTATCTCTTTTTATGCATACTTTCTTTAAAGTCCAAGTCACTCAGAGAATGAGGTCATTATGCTGCTATTGATCTTGCTCACCATGGCAATATCAACACACAGAACCTAAATAAAGGAGCCTAAAATAAAAGTGCAAAATGTAACACAGCTGCCAATTTTAGAGAATTTTTCAGAAGTATGTCATTTGTAGTATAGTAGGAATCTCAGCTCCAGTCTAAGCTGGGTCTGTTGCTGGGCTCAAGCATGTCTGGGCATGTCTGGCAAACTGGCGAGGCAGGACTACAAGAAACCTGCTGCCATGGGGGCTGAAGCTGCTTCCTGGAACAGAACTCATTTTAGTGGAAGAGAGAATTAGAGAAGCCCTACAAGAAAGACTTAGTCATTGAATGGAGAGTAACAAATGCAGCGTGGGGTAGCTGTTACTCAAATCTGTCGCCAGTCTAGGCCCATGAAAGCATGTCTGGATCCCTAAGAGAAACAGAGCTCTGAGTAAAAACATAAAGGGCTGTTTCACTAAAAACCATATGATATTGGGCACAAGCAGTCTGCTTCGGGGTTCCCCTAACACAATGATCTCCATTTCTTCTGACTGTACTATGACTTTGGCTG"
"70","807_4_169084488_C_T_14215.p1","GRCh37",4,169084487,169084488,"CAGTGGCCTTGTTAGGAAGGT","TGCTTTCTGTGGTCTCTTGCA","59.491","59.702",4,168162800,168163724,925,"99.7% (1 x 2)","CAGTGGCCTTGTTAGGAAGGTGGAGCCTCCTGGGCTGAGTGGCTGGGATCAGCCTGTTCTTTTGTTGTACAAAGTCACAAACTTACTGAGCCAGCCCCAGTGCTGACCTACAACAAGGAAAAGTGAACAAGCCTCCAGGGCTATTCAGATTTGTCCCTGAGCATGTATTCCTATATTGAGGATAATGTATTAAAAATGATGTGAATCTTGTTACATTATTTGTAAAAATTTGATTAAGTCAAAAGAAGATATTGAATCAGGGACAATATATAGATGATGTCTTTATATTTTCTTTTTATGACCTGAAGTTCATTCTTTACAGAAACATTTTTTTTTTTGCTCAAATGTATAAAAATCTTAATTTGGAAGAATTAGAATCAGTGTTTCTTACAGGAAAGTCATTTCCATGAAATAAGTTGACTGTGGATTTGTTACAGATTTTGTTGGCTAGGTACAGGGAACAAAGAGGGCCTTGGCTTTACTTCTTTCCAAATGCAGATATTAAACACCTGCAGAACTGTTGAAATCATTCCAGTACGATGCTTGCCAATGACCAGATTACCACAATCTGTGAACAATGTGTGACAGAAAAGAGGCAACAGGAAAAAAATTAAAGGACATGGATTTTGGCCATCACATTTACTGATCCAAATAGGCATTGTACAAAAATTATATGAATTTTAACTAATCGCTTTTAACACATGTTACATGTCAATTCCTACCTCTTGCAAAATTATGTCTAAAAATTATTTAAAAAATAAAGTTATATGTTTATATGTTGCTGTTTTGATTAAACAAGTGTGTTTTATCAATAATTCATAGAATGCTAAGGATTTCTGAGGCTTTCCTAAAAAAGGTGTATTGTCTTTAAGATCTCTTTCACAGACCAATATATCCATGTGTCTGCAAGAGACCACAGAAAGCA"
"71","808_7_74071641_A_G_14215.p1","GRCh37",7,74071640,74071641,"CATCGCGGTTGACAGAACAAA","CAGCGCCTTGATCCGATCAC","59.319","61.079",7,74656952,74657860,909,"99.8% (1 x 2)","CATCGCGGTTGACAGAACAAAACAGGAGCTACGAGTCAGGATTTCTGCTCCCACTCCCTTGCAAGTTTCCTTCCAAATCCTGAGGGAGAGATAGAGGCGGAGGGTCTGGGGGAGGAATTAAAACACAAGGTCTCCTCCCCTCTCGCCTGTCCGAACTTGGGGGCAACGGTCTCTTTGGAGGCCAGCTTGGAAAACACTAGAGAGGAGTTCTTTGTGTCCTGGAGGGTGGTGCAAGGCGGAAGGACTCCCCTTTTGCAGAGCAAGGAGGGCGACGGCCCAGCCCGGGGCTCCCCGGCTTTTGCAGCTTCCCTGCCTCGCAATTTGCAAGGAATGTGGGGTGCAAGAGCAAGTGGCGGACTTGGACGGCGGCTGGCGCTCGGTGGGGACGACGCCGGAGCCACCACCCGTCCAGATTTCCGTTTCTGCACCCCGGCTCCCCTCCCCCACCCGGGCGGCCGCGCAGGCCCCAGGTGCAGCCATGTTCTCGCTCCCACCACCCTCGCCTCCATTGACAGCCCTTGCTGGAGAGGGCCGGGCGCCGCGCTTGCCTCGTCCTCGGGTTCGGGGCTAGCCGGCGCGGTGCTTCCTGGGAGTTGTAGTCCACGACCGCCGCCGCCGCGTTGACGGGGAACGCATCCGAAACTACAACTCCCGCTGGGCGGCGCTGCGGATGCGCAGGCGCAACGCGCCTTCGAGGAACAAAAAAAAAAAAAAAAAAAAAAAAAAAGAAAAAAAAGAAAAAAAAAAGGAGGAGGAGGAGGAGGGTGAGAGAGAAGCTGGGAGAGCAGAGAAAAGGGGCCACCGGTCGCCCCCCCGCTTCCCCGCACGCGCTCTCCAGCCGCGGCCGCCCGCCTGCCGCGGTCACCCCGGCCTCTGCCTCTGTCCCCCAGTGATCGGATCAAGGCGCTG"
"72","82_22_26756764_C_T_11501.p1","GRCh37",22,26756763,26756764,"CAGGGCGAGGACAGTGTTTAG","caccacacctggccTATGTAATATA","60.249","59.545",22,26360327,26361229,903,"99.9% (1 x 2)","CAGGGCGAGGACAGTGTTTAGCACAGGTTTGGTATCAGGAAATACTTCTGGAATACATACAGGACTGAATTAGTGTTCAGTTACATGAAGGCAGGGACCATGTTCGCCTTGCTCATCATTGTATGCCCGGCGCATACAATGCCTGGCACACAGAAGGTGTCCAGTGAATATTTGTTGTATTAATTCATCTGTTAATTTATGAAAGAAAATTTCCGAGGAAAGGTTCATGGGGGAATTCTTTTGTGTCGCCACTGCCACCTGCTGGTCATTTTTCTGCACTGCAGGTAATACAGTAGGGATTTGTGTTCTCTGAAGGGAGCCACCAACGTCATCAAGAAAAAGCCTCCCCGACCAGGGGGCGGGAAAGTGAGGCTTCTCCTGTGCGCTTTCCCCAGCACAGCTGAGACCACACTGGGCTGTAATGACCCGGTAACTGTTCTCTGTTCCCCATTCGACTGAGTTTTGGGAGAACAGAAAACGTGATTCTCTAATTCACTGCTTCATACCCAGCTCCTAGCACAGGGATGGAACATTGGAGGAACAGAGTCTACGGGCTGAAAAAAAAACAAAAAACAAAAACAAAAACAAAAAAAACACGGAGAGTGTATTCTGGACTCTGGGAGTTCAAAAGCTATAAAGTGTTGTGCACCGGGCTGCACTTCCCGAGGAGTAGGAGTATTAGATACACTACGGGGATACCCACGCGGCTTTAAACAGTGTCCAGATGAACTTTTTGTGAGTCGTTTGGCTTAAGAAAATTAGAAAAATTAAAACTGACATGTGAAACCTCTGATTATAAGACTATTATTATTTAGAGTGAGGCTAAATTATACTGTGCAATCTAAATAGAAAAACAAGTCAATAGAAATTTTTAAAAATATATTACATAGGCCAGGTGTGGTG"
"73","845_6_99290746_T_C_14280.p1","GRCh37",6,99290745,99290746,"CATCTGCTCCTTGCCCAGTC","CGTGCTTCAGCTCTTAAAGAGTAGG","60.322","60.98",6,98842427,98843326,900,"99.9% (1 x 2)","CATCTGCTCCTTGCCCAGTCGCAAAAGAGGTACCTTGGCCTTGCCGCGCACCCCCCACCTCGGGGACCCTGGCCGCTGTCGCGAAGGCCCAGACAGCCTAGCTCGGCCGCGCGGGGAGGAGAGAGACAGGGAAAGGAGCGGGGCACTCCCTGCACTCCCAGCCCCGGCCTTCGCTCGGGACGCTGCCAACAGCCCCTGAGTTCCTGCCTGGAAATCAGGGATTCTCTGCGGCTCCCCAGGCTTCGACGCCCGGACCCCCAGGGGAAGGGTCAACAGCTCGGACGTCGAGCTGTTCCACTCTATCGCTTCCCAAGGAAGCGGGCTAGGGGTAACGGGCACGGTTGGTGGGTTTGCCCCCAGCAGAGGCTAGCGGTGGCGATTAGGAGTCCAGATGTCTTGGGTATAGCCGTCGCCCCGGGAAAGTGGGCTCTAGACGCAGGAGTTGGCAAGCCCTCTCTGGGGGCACGCGTGGCTGGGGCAGAGGTGCAGTGGGCCTAGGAGTGACAAGGGTTCGAGGCCCGGAGGAGAGTCTCCTAGCTTTTTGCCTGCCCGGCTTTTCCACTTGACTCTGCAGAGTCGGGCCCAGGACATTGCACCTGCATGGCAGAGGCAACTGTGGAAGATGGTGCCCCAAGAGAAAGAGGGAGATGAGACAAGTGCAGGAAGACTGGAGAGGAAAGGGGGACAGCTGCCCAGGGAAGTACAGTAATCTGGGCTTTTCCTGCTTTTTTGAGGGGGGCGGGCGGTATTTGTGAGAATGAAGGGGGACAGCTGAGAGCTGGGGAGCAAAGTTCTGAGGCAGGTTTCCTTCAGCTCCCACCCATCAAACTTCTGGGTGTTTCTGACCTCAGCTCCCTGCTTCCAATGAAGAGGAACCTACTCTTTAAGAGCTGAAGCACG"
"74","858_3_187664854_A_T_14329.p1","GRCh37",3,187664853,187664854,"CAGAGGGTAGGTTGAAGGAGGAA","AATGTGGTCCTTTCCTTCCTTTGTT","60.633","60.661",3,187946743,187947645,903,"100% (1 x 2)","CAGAGGGTAGGTTGAAGGAGGAAGAGAAGCTGGAGTTCAGGCCAGAAATAGTCTGGGGCTGATGTCTTGGGGGCTCTGAGGCTGTGCTAAGGTGCTTGCTTCTTCCCAGAGTTTGCCAGTCCTAGATGTGCGCAGACATAGGTGGTACCTTTGCATGACTTCTTAGAGCCTCAGTTTCCCCTTCTGTAAAATGGAAGACATGAATGTTGCCTCTAAGGGACCTGTGTGAGGGTGGGCCAGGGGAAATTGGTAGCACAATGCTTTGAACTCCTCCAGAATACGATGTGAAGGGAATGCAAATCACAGTTATTTATAATGGCAGCAAACTGAGATGCTGAGAAGACGTTGCTGCAGGCCGCCAAGCACTCCCTCTGGAAATCCTGAAAGCCTGCTACTGCAGGGCTGTGCCCAGATGCCAGCTGGAAGCAGGCTTATCTCTTCTCAGTTCCCGGTGCTTCTTCCGATCCTGCCAGGATGTTCCTCACAAAACAAACACTAATCTCCCTGCATAGTTCCACCTACAGAGGAGGAAGCTCTGCACCCTTCTGCCCTCCCCCTTTAGAAAACCAAGCTGAGTTCTAAACTCCCAGGTCGTGACAAGTTCCCATTTTGTGTCATCATTGCCTCACCAGGTAGCACTCTCAAGGCTAGACCTTTGGAGGCGGGAATGGCATGGCCTAGGAAACAATCTAATGTCTCGTTAGTCTCCTAAGACAGCCCTTCACTTCTGGAGCCGCCTCATCCTTGTGCCAAGCTTGTGTTGGGCACAAAGCACTCAGGCATCCAAGGAGGTAATGTGCAAGGCAGGGCAGTCAGGGGCGTGGCCCAGAAGGAGACACCGGGAGCAGGGTCCTAACATCCACACAATTTCGTTTTTTAACAAAGGAAGGAAAGGACCACATT"
"75","922_1_224935393_T_G_14541.p1","GRCh37",1,224935392,224935393,"CAGTATCCCAGGGAGGAATGTTAAG","CTTGGACCCTGGAGTCAACTGTATA","60.014","61.125",1,224747303,224748202,900,"99.9% (1 x 2)","CAGTATCCCAGGGAGGAATGTTAAGGCAACGTGGCAGGCCCATGCAGGCTGTGTCCTGGCAATATCCTGTCGGGTTCAGTAGCAGTAAAACAGGAAAGGGCATGCGAAGGGCATCAGCAGATTGTCCTTTACCACTGCAGAGATCACTCCAGACTAAGGTGGAGTGGTTTCTTCTTCTGAATTCTTCTCTTTCTTCTCTGAATCACTAAAACATATGACTCCTAGGCCTAAAGGAACAAAGACAACTGGCTCTCCGGAGTCGCAGAGTGATTATTGTTAAACTCCATCACCTTTTGTACATGTAACAATTTAGAAAACATTAACCAAAAACAAAAACGAAAACAAAAACCCAAACAAACAAAAAAGCCAGGCCTTTGCATATTATTTATTGGCATGAGAGAGTCTGGCTTATGGCCAGGGGAGCAGCAGTTGGGGAGTGACACACAGGAAACCCGCCCACAGTGCCCCGGGTGTCTAAGAGATGGTCTGAAGTCCTTCATTGGCTCAGCTCTTGTCCAATGTTTCTGGCAGAAACGGCTCAGAGGCTCTTGCTCTGCCCACAAACCCTTGGAAGTTCTCCAAGCTAGGCCTGTGAAAGGTGAGGGAGGGGATGAGAGCAGAGCATAAGGACAGCAAGAATGACTTTAAACTAATCACCTCTACAAGGTTTCCCTTTTTTCATATCCAACATTTCTGAGGGTTGGTCGGCCTGGTCCCAAGGGAAGCAGGGGAGAAGGCAGGATTGAGCTGGTTGGGTAATGTCATCTGGCCTGGGCTCAGTCAAGGCACTACATGCCCTCCTCCTCCTGTACCTGGAAGAGGCCAGAAGCCTGGGAATGGGAGTGGTGGTGCTGAATGATGGGTGATCCCAGGGGTATACAGTTGACTCCAGGGTCCAAG"
"76","938_2_171059075_G_A_14586.p1","GRCh37",2,171059074,171059075,"CAGGTGGGCTGCTCATACCT","ATCCTCTAGAATTGCTCTGTGGAAT","61.194","59.185",2,170202013,170202915,903,"99.8% (1 x 2)","CAGGTGGGCTGCTCATACCTGAGGCCACCTGGTGAATGAACATCCTTCCTGATGAGGAGTGACCCTCAGACATGGCAACTCAGGTATGGCCAAAGCAGCCAGGAAGTAGCACATGGACTTGAAAGATGAGAAAGAGCCCAGAACTATGAGCTGAGCCTTGCGCAGGTGCTCCCTTGCCACCTGTTTCTAGCTTTTTCAGGGTGACCACAGTAATGAAGCTGCCCTGAGACACTGAATTATTCATACCTCTGCAATACAATATGCTGTCATTTATGACTTTTGCTGGTTGTTTTGGTCCATGCCAAAGTGGGTGATATGAGATACTGGGTGTCCTCAGTCTTTTCTGTCCCAGGATGGGCAGTCTAAACCAGGCTGCTACATGGTCATGTGCATTCAGTGCCTCCAATAGTCTTAGGGAAACACAGGAATTCCTAGACTCCTAATACTGGCAGAAGCCTCTCTCTTCAGTCCCCTAGCCTTCAGATGAGGGACAGAGGCCCACAGAAGTGAGTAACATGCCTATGGTCACATAATTGGTTGTATGGCAGAACTGGAAGGAAAAGCATATTTCAGCACATTTTCTTTCACCATGTGCAGCTGCTCCTCTGATGTTATCCATTGGGTCATGGAAACACAGATGTGAAGTCTCTCACTGGGATCGTAGCACTTCCTGACCACACACACAGAGCTGGATGACAATGATGGTCCACATAGTACCCTATTTTGTTCTCTCTGCAGCTTTTTAAGGCATGCTTTAGGGGACTCACACAAAAAAATTATCTGTTTAATACTGTTCTCCTCATCTTGCATATTAAGAATAAATTTATGTTGCCTTTGCTCTTTATTTGCCTGACTGATGAAAGGACGAGTGAGAAGCTATTCCACAGAGCAATTCTAGAGGAT"
"77","961_4_111670426_G_T_14642.p1","GRCh37",4,111670425,111670426,"CAGCACATTTGGCATGTTACTAGTA","AGTCCACAGGGAAAGGTTTAAGAAA","59.212","59.894",4,110748817,110749727,911,"99.8% (1 x 2)","CAGCACATTTGGCATGTTACTAGTAGTTTAACTTCATTAATAATGTATGAAGAAAATGTAATCCATGACAAGGAAGCAAAGAAAAGTATTTTTTTTTTTTTTTGCTTCTCCCAAATCCTTTGGAATGAGTAATTATTCAACATTTTATGTTTGATGTTATATTTTACAATTCAACTTCCATAGTGATATTTAAAAAAGAAACTTTGGCAAATGCTTGCAAAAAACACACCTTTTACAATTTTAAATGTGATTTACTGATGGCCAGAACTTGTTAAACATAGTAGGAAATTAAATATTTATTCATCTTATTTCATTTTCAGGGCCGTAAACGCTCCTTCTGAGTCATTCCCAATAACAAGAATTTCTACCAGTAAAGCTATTAACAGGCATCAAAATAGGGGAGTGCTAAATTAAGATGAGATTGTAAAAGCAAATAAGAACATACGCAGACTCGCATAGGAGTGCAAATGATCGTTTCTGATTGAAATGTTTATAGCTAAATGAGTTTGGCTGAATTAAACACAAATGTTCCAAAAGATAAGCCGTAGCTGGTGCTTCTTTTTTCTGTTTTTTAAGCTGCTTTACAGACGAAAATGGAACTATATTTGGAACAATGCTTTCTGTTTTTCCATACTATTGATATTTGTGGAAAGTCACAAAATGGCCTAAGGAAGCTAAGCTCGCCCCAAGCAGTGGTCACTTACAAGTACTTTTGTACTCTGTACTCCTGTCACATTTGGGCGATCAGAGCAACAGCTGGGGAGACTTTTTCAACAAAGATGAGTGTCAGATAATCCTGATGAGATTCCACATCCAACATCTTTTGTAATTATGTCACATTCAGCTGTAATGGAATAATTCAAGCTGAAAGAACAAGCTTTGATCCTTTCTTAAACCTTTCCCTGTGGACT"
"78","978_6_22852555_T_C_14658.p1","GRCh37",6,22852554,22852555,"CAGCTGGAATGAAACTCAAGTCAAA","CATCTGATGAAACTGTGCAGAGATT","59.787","59.211",6,22851986,22852900,915,"99.9% (1 x 2)","CAGCTGGAATGAAACTCAAGTCAAAATGATATAGAGAATTAACTACTTTCTTTATTTGATATGGGCTTTTCCCAGCTAATATCTAGCCTCTTTTTTTTCTGTATATTAAGATAATTATAGTCATTAGCAGTACATTGTGGTAGAGATACTATCACTATCATAGTTTCCTATGAACGTTTTCATGGTACCTAAAGCGAGAAAATGCAAAAGTTTGTCCTCAGAGAGCTTTAATGCAATGATATATTAAGTCAGCACTTGGCATGAGAAGGGAGGAGCAGAGACAATGGAAAAAAGAACTCGGAAGCTTTAAATGTAAATGAACGTTAATCATGAAAAACACTGATTAAAGTGTAATGATATAAAAGTTAATCTAGCTACCATGCAATTAACTCAAAATTACAACCATATATTGTATGTGTAATCACATCCTAAGAAACATATTACATTTAAAAAAATGAAACTGCTTTAACAGGGTGCTTATGGGAGTCTGCTGACAGATAGCTATACCAATTTGATAATTAACTTTTTAAGGCTAGTTCACATTTCGTGTTCCTAATTAATGCCTACTTAATTTTTGATACATTCTATATTAGGTTAAGTGCCAATTAAACACTGCAGGCTCTAAGAGTAAAAAAATTCTCAAAACCTCAAAAACATGTGATTTTATCCTTAGATTGCTGTACAGAAATCTATTCAGTGACTAAGAATATCACTTTCTCACTAACAACCTAATAAATTCATCCTTGAATGAAAGTATTAAAAAATAAAACATGATTGGCTGTGATGACCTCATGAATTCAAGTGATTGAGATGATCACTCTGATGATAGTTTCTAATTATATAGTCACTTGTAAAAGTTTATTTAAGCAACTTTCACCAAATCCACTAATAATCTCTGCACAGTTTCATCAGATG"
